Year,State,State ANSI,Data Item,Value
2018,ALABAMA,1,"HONEY - PRODUCTION, MEASURED IN LB / COLONY",45
2018,ARIZONA,4,"HONEY - PRODUCTION, MEASURED IN LB / COLONY",38
2018,ARKANSAS,5,"HONEY - PRODUCTION, MEASURED IN LB / COLONY",50
2018,CALIFORNIA,6,"HONEY - PRODUCTION, MEASURED IN LB / COLONY",41
2018,COLORADO,8,"HONEY - PRODUCTION, MEASURED IN LB / COLONY",48
2018,FLORIDA,12,"HONEY - PRODUCTION, MEASURED IN LB / COLONY",49
2018,GEORGIA,13,"HONEY - PRODUCTION, MEASURED IN LB / COLONY",34
2018,HAWAII,15,"HONEY - PRODUCTION, MEASURED IN LB / COLONY",103
2018,IDAHO,16,"HONEY - PRODUCTION, MEASURED IN LB / COLONY",31
2018,ILLINOIS,17,"HONEY - PRODUCTION, MEASURED IN LB / COLONY",41
2018,INDIANA,18,"HONEY - PRODUCTION, MEASURED IN LB / COLONY",46
2018,IOWA,19,"HONEY - PRODUCTION, MEASURED IN LB / COLONY",49
2018,KANSAS,20,"HONEY - PRODUCTION, MEASURED IN LB / COLONY",73
2018,KENTUCKY,21,"HONEY - PRODUCTION, MEASURED IN LB / COLONY",41
2018,LOUISIANA,22,"HONEY - PRODUCTION, MEASURED IN LB / COLONY",83
2018,MAINE,23,"HONEY - PRODUCTION, MEASURED IN LB / COLONY",32
2018,MICHIGAN,26,"HONEY - PRODUCTION, MEASURED IN LB / COLONY",44
2018,MINNESOTA,27,"HONEY - PRODUCTION, MEASURED IN LB / COLONY",61
2018,MISSISSIPPI,28,"HONEY - PRODUCTION, MEASURED IN LB / COLONY",87
2018,MISSOURI,29,"HONEY - PRODUCTION, MEASURED IN LB / COLONY",45
2018,MONTANA,30,"HONEY - PRODUCTION, MEASURED IN LB / COLONY",92
2018,NEBRASKA,31,"HONEY - PRODUCTION, MEASURED IN LB / COLONY",59
2018,NEW JERSEY,34,"HONEY - PRODUCTION, MEASURED IN LB / COLONY",31
2018,NEW YORK,36,"HONEY - PRODUCTION, MEASURED IN LB / COLONY",48
2018,NORTH CAROLINA,37,"HONEY - PRODUCTION, MEASURED IN LB / COLONY",33
2018,NORTH DAKOTA,38,"HONEY - PRODUCTION, MEASURED IN LB / COLONY",72
2018,OHIO,39,"HONEY - PRODUCTION, MEASURED IN LB / COLONY",73
2018,OREGON,41,"HONEY - PRODUCTION, MEASURED IN LB / COLONY",35
2018,OTHER STATES,,"HONEY - PRODUCTION, MEASURED IN LB / COLONY",39
2018,PENNSYLVANIA,42,"HONEY - PRODUCTION, MEASURED IN LB / COLONY",44
2018,SOUTH CAROLINA,45,"HONEY - PRODUCTION, MEASURED IN LB / COLONY",48
2018,SOUTH DAKOTA,46,"HONEY - PRODUCTION, MEASURED IN LB / COLONY",47
2018,TENNESSEE,47,"HONEY - PRODUCTION, MEASURED IN LB / COLONY",46
2018,TEXAS,48,"HONEY - PRODUCTION, MEASURED IN LB / COLONY",56
2018,UTAH,49,"HONEY - PRODUCTION, MEASURED IN LB / COLONY",41
2018,VERMONT,50,"HONEY - PRODUCTION, MEASURED IN LB / COLONY",48
2018,VIRGINIA,51,"HONEY - PRODUCTION, MEASURED IN LB / COLONY",40
2018,WASHINGTON,53,"HONEY - PRODUCTION, MEASURED IN LB / COLONY",43
2018,WEST VIRGINIA,54,"HONEY - PRODUCTION, MEASURED IN LB / COLONY",37
2018,WISCONSIN,55,"HONEY - PRODUCTION, MEASURED IN LB / COLONY",45
2018,WYOMING,56,"HONEY - PRODUCTION, MEASURED IN LB / COLONY",56
2017,ALABAMA,1,"HONEY - PRODUCTION, MEASURED IN LB / COLONY",45
2017,ARIZONA,4,"HONEY - PRODUCTION, MEASURED IN LB / COLONY",40
2017,ARKANSAS,5,"HONEY - PRODUCTION, MEASURED IN LB / COLONY",68
2017,CALIFORNIA,6,"HONEY - PRODUCTION, MEASURED IN LB / COLONY",41
2017,COLORADO,8,"HONEY - PRODUCTION, MEASURED IN LB / COLONY",43
2017,FLORIDA,12,"HONEY - PRODUCTION, MEASURED IN LB / COLONY",43
2017,GEORGIA,13,"HONEY - PRODUCTION, MEASURED IN LB / COLONY",32
2017,HAWAII,15,"HONEY - PRODUCTION, MEASURED IN LB / COLONY",131
2017,IDAHO,16,"HONEY - PRODUCTION, MEASURED IN LB / COLONY",44
2017,ILLINOIS,17,"HONEY - PRODUCTION, MEASURED IN LB / COLONY",46
2017,INDIANA,18,"HONEY - PRODUCTION, MEASURED IN LB / COLONY",52
2017,IOWA,19,"HONEY - PRODUCTION, MEASURED IN LB / COLONY",58
2017,KANSAS,20,"HONEY - PRODUCTION, MEASURED IN LB / COLONY",79
2017,KENTUCKY,21,"HONEY - PRODUCTION, MEASURED IN LB / COLONY",38
2017,LOUISIANA,22,"HONEY - PRODUCTION, MEASURED IN LB / COLONY",81
2017,MAINE,23,"HONEY - PRODUCTION, MEASURED IN LB / COLONY",33
2017,MICHIGAN,26,"HONEY - PRODUCTION, MEASURED IN LB / COLONY",45
2017,MINNESOTA,27,"HONEY - PRODUCTION, MEASURED IN LB / COLONY",62
2017,MISSISSIPPI,28,"HONEY - PRODUCTION, MEASURED IN LB / COLONY",86
2017,MISSOURI,29,"HONEY - PRODUCTION, MEASURED IN LB / COLONY",65
2017,MONTANA,30,"HONEY - PRODUCTION, MEASURED IN LB / COLONY",72
2017,NEBRASKA,31,"HONEY - PRODUCTION, MEASURED IN LB / COLONY",63
2017,NEW JERSEY,34,"HONEY - PRODUCTION, MEASURED IN LB / COLONY",28
2017,NEW YORK,36,"HONEY - PRODUCTION, MEASURED IN LB / COLONY",56
2017,NORTH CAROLINA,37,"HONEY - PRODUCTION, MEASURED IN LB / COLONY",41
2017,NORTH DAKOTA,38,"HONEY - PRODUCTION, MEASURED IN LB / COLONY",74
2017,OHIO,39,"HONEY - PRODUCTION, MEASURED IN LB / COLONY",73
2017,OREGON,41,"HONEY - PRODUCTION, MEASURED IN LB / COLONY",40
2017,OTHER STATES,,"HONEY - PRODUCTION, MEASURED IN LB / COLONY",43
2017,PENNSYLVANIA,42,"HONEY - PRODUCTION, MEASURED IN LB / COLONY",46
2017,SOUTH CAROLINA,45,"HONEY - PRODUCTION, MEASURED IN LB / COLONY",34
2017,SOUTH DAKOTA,46,"HONEY - PRODUCTION, MEASURED IN LB / COLONY",57
2017,TENNESSEE,47,"HONEY - PRODUCTION, MEASURED IN LB / COLONY",41
2017,TEXAS,48,"HONEY - PRODUCTION, MEASURED IN LB / COLONY",66
2017,UTAH,49,"HONEY - PRODUCTION, MEASURED IN LB / COLONY",31
2017,VERMONT,50,"HONEY - PRODUCTION, MEASURED IN LB / COLONY",54
2017,VIRGINIA,51,"HONEY - PRODUCTION, MEASURED IN LB / COLONY",35
2017,WASHINGTON,53,"HONEY - PRODUCTION, MEASURED IN LB / COLONY",45
2017,WEST VIRGINIA,54,"HONEY - PRODUCTION, MEASURED IN LB / COLONY",40
2017,WISCONSIN,55,"HONEY - PRODUCTION, MEASURED IN LB / COLONY",56
2017,WYOMING,56,"HONEY - PRODUCTION, MEASURED IN LB / COLONY",53
2016,ALABAMA,1,"HONEY - PRODUCTION, MEASURED IN LB / COLONY",52
2016,ARIZONA,4,"HONEY - PRODUCTION, MEASURED IN LB / COLONY",46
2016,ARKANSAS,5,"HONEY - PRODUCTION, MEASURED IN LB / COLONY",69
2016,CALIFORNIA,6,"HONEY - PRODUCTION, MEASURED IN LB / COLONY",36
2016,COLORADO,8,"HONEY - PRODUCTION, MEASURED IN LB / COLONY",40
2016,FLORIDA,12,"HONEY - PRODUCTION, MEASURED IN LB / COLONY",50
2016,GEORGIA,13,"HONEY - PRODUCTION, MEASURED IN LB / COLONY",39
2016,HAWAII,15,"HONEY - PRODUCTION, MEASURED IN LB / COLONY",113
2016,IDAHO,16,"HONEY - PRODUCTION, MEASURED IN LB / COLONY",34
2016,ILLINOIS,17,"HONEY - PRODUCTION, MEASURED IN LB / COLONY",48
2016,INDIANA,18,"HONEY - PRODUCTION, MEASURED IN LB / COLONY",62
2016,IOWA,19,"HONEY - PRODUCTION, MEASURED IN LB / COLONY",48
2016,KANSAS,20,"HONEY - PRODUCTION, MEASURED IN LB / COLONY",48
2016,KENTUCKY,21,"HONEY - PRODUCTION, MEASURED IN LB / COLONY",46
2016,LOUISIANA,22,"HONEY - PRODUCTION, MEASURED IN LB / COLONY",86
2016,MAINE,23,"HONEY - PRODUCTION, MEASURED IN LB / COLONY",34
2016,MICHIGAN,26,"HONEY - PRODUCTION, MEASURED IN LB / COLONY",60
2016,MINNESOTA,27,"HONEY - PRODUCTION, MEASURED IN LB / COLONY",59
2016,MISSISSIPPI,28,"HONEY - PRODUCTION, MEASURED IN LB / COLONY",85
2016,MISSOURI,29,"HONEY - PRODUCTION, MEASURED IN LB / COLONY",62
2016,MONTANA,30,"HONEY - PRODUCTION, MEASURED IN LB / COLONY",77
2016,NEBRASKA,31,"HONEY - PRODUCTION, MEASURED IN LB / COLONY",46
2016,NEW JERSEY,34,"HONEY - PRODUCTION, MEASURED IN LB / COLONY",27
2016,NEW YORK,36,"HONEY - PRODUCTION, MEASURED IN LB / COLONY",57
2016,NORTH CAROLINA,37,"HONEY - PRODUCTION, MEASURED IN LB / COLONY",37
2016,NORTH DAKOTA,38,"HONEY - PRODUCTION, MEASURED IN LB / COLONY",78
2016,OHIO,39,"HONEY - PRODUCTION, MEASURED IN LB / COLONY",79
2016,OREGON,41,"HONEY - PRODUCTION, MEASURED IN LB / COLONY",35
2016,OTHER STATES,,"HONEY - PRODUCTION, MEASURED IN LB / COLONY",43
2016,PENNSYLVANIA,42,"HONEY - PRODUCTION, MEASURED IN LB / COLONY",50
2016,SOUTH CAROLINA,45,"HONEY - PRODUCTION, MEASURED IN LB / COLONY",45
2016,SOUTH DAKOTA,46,"HONEY - PRODUCTION, MEASURED IN LB / COLONY",71
2016,TENNESSEE,47,"HONEY - PRODUCTION, MEASURED IN LB / COLONY",55
2016,TEXAS,48,"HONEY - PRODUCTION, MEASURED IN LB / COLONY",70
2016,UTAH,49,"HONEY - PRODUCTION, MEASURED IN LB / COLONY",32
2016,VERMONT,50,"HONEY - PRODUCTION, MEASURED IN LB / COLONY",52
2016,VIRGINIA,51,"HONEY - PRODUCTION, MEASURED IN LB / COLONY",38
2016,WASHINGTON,53,"HONEY - PRODUCTION, MEASURED IN LB / COLONY",35
2016,WEST VIRGINIA,54,"HONEY - PRODUCTION, MEASURED IN LB / COLONY",32
2016,WISCONSIN,55,"HONEY - PRODUCTION, MEASURED IN LB / COLONY",62
2016,WYOMING,56,"HONEY - PRODUCTION, MEASURED IN LB / COLONY",68
2015,ALABAMA,1,"HONEY - PRODUCTION, MEASURED IN LB / COLONY",47
2015,ARIZONA,4,"HONEY - PRODUCTION, MEASURED IN LB / COLONY",49
2015,ARKANSAS,5,"HONEY - PRODUCTION, MEASURED IN LB / COLONY",72
2015,CALIFORNIA,6,"HONEY - PRODUCTION, MEASURED IN LB / COLONY",30
2015,COLORADO,8,"HONEY - PRODUCTION, MEASURED IN LB / COLONY",51
2015,FLORIDA,12,"HONEY - PRODUCTION, MEASURED IN LB / COLONY",54
2015,GEORGIA,13,"HONEY - PRODUCTION, MEASURED IN LB / COLONY",40
2015,HAWAII,15,"HONEY - PRODUCTION, MEASURED IN LB / COLONY",102
2015,IDAHO,16,"HONEY - PRODUCTION, MEASURED IN LB / COLONY",32
2015,ILLINOIS,17,"HONEY - PRODUCTION, MEASURED IN LB / COLONY",51
2015,INDIANA,18,"HONEY - PRODUCTION, MEASURED IN LB / COLONY",53
2015,IOWA,19,"HONEY - PRODUCTION, MEASURED IN LB / COLONY",50
2015,KANSAS,20,"HONEY - PRODUCTION, MEASURED IN LB / COLONY",36
2015,KENTUCKY,21,"HONEY - PRODUCTION, MEASURED IN LB / COLONY",46
2015,LOUISIANA,22,"HONEY - PRODUCTION, MEASURED IN LB / COLONY",99
2015,MAINE,23,"HONEY - PRODUCTION, MEASURED IN LB / COLONY",47
2015,MICHIGAN,26,"HONEY - PRODUCTION, MEASURED IN LB / COLONY",58
2015,MINNESOTA,27,"HONEY - PRODUCTION, MEASURED IN LB / COLONY",68
2015,MISSISSIPPI,28,"HONEY - PRODUCTION, MEASURED IN LB / COLONY",83
2015,MISSOURI,29,"HONEY - PRODUCTION, MEASURED IN LB / COLONY",52
2015,MONTANA,30,"HONEY - PRODUCTION, MEASURED IN LB / COLONY",83
2015,NEBRASKA,31,"HONEY - PRODUCTION, MEASURED IN LB / COLONY",48
2015,NEW JERSEY,34,"HONEY - PRODUCTION, MEASURED IN LB / COLONY",27
2015,NEW YORK,36,"HONEY - PRODUCTION, MEASURED IN LB / COLONY",62
2015,NORTH CAROLINA,37,"HONEY - PRODUCTION, MEASURED IN LB / COLONY",45
2015,NORTH DAKOTA,38,"HONEY - PRODUCTION, MEASURED IN LB / COLONY",74
2015,OHIO,39,"HONEY - PRODUCTION, MEASURED IN LB / COLONY",50
2015,OREGON,41,"HONEY - PRODUCTION, MEASURED IN LB / COLONY",38
2015,OTHER STATES,,"HONEY - PRODUCTION, MEASURED IN LB / COLONY",39
2015,PENNSYLVANIA,42,"HONEY - PRODUCTION, MEASURED IN LB / COLONY",53
2015,SOUTH CAROLINA,45,"HONEY - PRODUCTION, MEASURED IN LB / COLONY",67
2015,SOUTH DAKOTA,46,"HONEY - PRODUCTION, MEASURED IN LB / COLONY",66
2015,TENNESSEE,47,"HONEY - PRODUCTION, MEASURED IN LB / COLONY",59
2015,TEXAS,48,"HONEY - PRODUCTION, MEASURED IN LB / COLONY",66
2015,UTAH,49,"HONEY - PRODUCTION, MEASURED IN LB / COLONY",42
2015,VERMONT,50,"HONEY - PRODUCTION, MEASURED IN LB / COLONY",52
2015,VIRGINIA,51,"HONEY - PRODUCTION, MEASURED IN LB / COLONY",37
2015,WASHINGTON,53,"HONEY - PRODUCTION, MEASURED IN LB / COLONY",44
2015,WEST VIRGINIA,54,"HONEY - PRODUCTION, MEASURED IN LB / COLONY",35
2015,WISCONSIN,55,"HONEY - PRODUCTION, MEASURED IN LB / COLONY",67
2015,WYOMING,56,"HONEY - PRODUCTION, MEASURED IN LB / COLONY",77
2014,ALABAMA,1,"HONEY - PRODUCTION, MEASURED IN LB / COLONY",53
2014,ARIZONA,4,"HONEY - PRODUCTION, MEASURED IN LB / COLONY",39
2014,ARKANSAS,5,"HONEY - PRODUCTION, MEASURED IN LB / COLONY",65
2014,CALIFORNIA,6,"HONEY - PRODUCTION, MEASURED IN LB / COLONY",39
2014,COLORADO,8,"HONEY - PRODUCTION, MEASURED IN LB / COLONY",37
2014,FLORIDA,12,"HONEY - PRODUCTION, MEASURED IN LB / COLONY",60
2014,GEORGIA,13,"HONEY - PRODUCTION, MEASURED IN LB / COLONY",62
2014,HAWAII,15,"HONEY - PRODUCTION, MEASURED IN LB / COLONY",93
2014,IDAHO,16,"HONEY - PRODUCTION, MEASURED IN LB / COLONY",34
2014,ILLINOIS,17,"HONEY - PRODUCTION, MEASURED IN LB / COLONY",49
2014,INDIANA,18,"HONEY - PRODUCTION, MEASURED IN LB / COLONY",62
2014,IOWA,19,"HONEY - PRODUCTION, MEASURED IN LB / COLONY",43
2014,KANSAS,20,"HONEY - PRODUCTION, MEASURED IN LB / COLONY",75
2014,KENTUCKY,21,"HONEY - PRODUCTION, MEASURED IN LB / COLONY",47
2014,LOUISIANA,22,"HONEY - PRODUCTION, MEASURED IN LB / COLONY",84
2014,MAINE,23,"HONEY - PRODUCTION, MEASURED IN LB / COLONY",47
2014,MICHIGAN,26,"HONEY - PRODUCTION, MEASURED IN LB / COLONY",63
2014,MINNESOTA,27,"HONEY - PRODUCTION, MEASURED IN LB / COLONY",60
2014,MISSISSIPPI,28,"HONEY - PRODUCTION, MEASURED IN LB / COLONY",112
2014,MISSOURI,29,"HONEY - PRODUCTION, MEASURED IN LB / COLONY",47
2014,MONTANA,30,"HONEY - PRODUCTION, MEASURED IN LB / COLONY",88
2014,NEBRASKA,31,"HONEY - PRODUCTION, MEASURED IN LB / COLONY",75
2014,NEW JERSEY,34,"HONEY - PRODUCTION, MEASURED IN LB / COLONY",30
2014,NEW YORK,36,"HONEY - PRODUCTION, MEASURED IN LB / COLONY",55
2014,NORTH CAROLINA,37,"HONEY - PRODUCTION, MEASURED IN LB / COLONY",43
2014,NORTH DAKOTA,38,"HONEY - PRODUCTION, MEASURED IN LB / COLONY",86
2014,OHIO,39,"HONEY - PRODUCTION, MEASURED IN LB / COLONY",61
2014,OREGON,41,"HONEY - PRODUCTION, MEASURED IN LB / COLONY",40
2014,OTHER STATES,,"HONEY - PRODUCTION, MEASURED IN LB / COLONY",45
2014,PENNSYLVANIA,42,"HONEY - PRODUCTION, MEASURED IN LB / COLONY",46
2014,SOUTH CAROLINA,45,"HONEY - PRODUCTION, MEASURED IN LB / COLONY",54
2014,SOUTH DAKOTA,46,"HONEY - PRODUCTION, MEASURED IN LB / COLONY",87
2014,TENNESSEE,47,"HONEY - PRODUCTION, MEASURED IN LB / COLONY",63
2014,TEXAS,48,"HONEY - PRODUCTION, MEASURED IN LB / COLONY",78
2014,UTAH,49,"HONEY - PRODUCTION, MEASURED IN LB / COLONY",28
2014,VERMONT,50,"HONEY - PRODUCTION, MEASURED IN LB / COLONY",58
2014,VIRGINIA,51,"HONEY - PRODUCTION, MEASURED IN LB / COLONY",38
2014,WASHINGTON,53,"HONEY - PRODUCTION, MEASURED IN LB / COLONY",44
2014,WEST VIRGINIA,54,"HONEY - PRODUCTION, MEASURED IN LB / COLONY",31
2014,WISCONSIN,55,"HONEY - PRODUCTION, MEASURED IN LB / COLONY",54
2014,WYOMING,56,"HONEY - PRODUCTION, MEASURED IN LB / COLONY",61
2013,ALABAMA,1,"HONEY - PRODUCTION, MEASURED IN LB / COLONY",52
2013,ARIZONA,4,"HONEY - PRODUCTION, MEASURED IN LB / COLONY",36
2013,ARKANSAS,5,"HONEY - PRODUCTION, MEASURED IN LB / COLONY",60
2013,CALIFORNIA,6,"HONEY - PRODUCTION, MEASURED IN LB / COLONY",33
2013,COLORADO,8,"HONEY - PRODUCTION, MEASURED IN LB / COLONY",43
2013,FLORIDA,12,"HONEY - PRODUCTION, MEASURED IN LB / COLONY",61
2013,GEORGIA,13,"HONEY - PRODUCTION, MEASURED IN LB / COLONY",50
2013,HAWAII,15,"HONEY - PRODUCTION, MEASURED IN LB / COLONY",83
2013,IDAHO,16,"HONEY - PRODUCTION, MEASURED IN LB / COLONY",32
2013,ILLINOIS,17,"HONEY - PRODUCTION, MEASURED IN LB / COLONY",48
2013,INDIANA,18,"HONEY - PRODUCTION, MEASURED IN LB / COLONY",47
2013,IOWA,19,"HONEY - PRODUCTION, MEASURED IN LB / COLONY",48
2013,KANSAS,20,"HONEY - PRODUCTION, MEASURED IN LB / COLONY",46
2013,KENTUCKY,21,"HONEY - PRODUCTION, MEASURED IN LB / COLONY",41
2013,LOUISIANA,22,"HONEY - PRODUCTION, MEASURED IN LB / COLONY",98
2013,MAINE,23,"HONEY - PRODUCTION, MEASURED IN LB / COLONY",43
2013,MICHIGAN,26,"HONEY - PRODUCTION, MEASURED IN LB / COLONY",55
2013,MINNESOTA,27,"HONEY - PRODUCTION, MEASURED IN LB / COLONY",58
2013,MISSISSIPPI,28,"HONEY - PRODUCTION, MEASURED IN LB / COLONY",116
2013,MISSOURI,29,"HONEY - PRODUCTION, MEASURED IN LB / COLONY",47
2013,MONTANA,30,"HONEY - PRODUCTION, MEASURED IN LB / COLONY",94
2013,NEBRASKA,31,"HONEY - PRODUCTION, MEASURED IN LB / COLONY",60
2013,NEW JERSEY,34,"HONEY - PRODUCTION, MEASURED IN LB / COLONY",44
2013,NEW YORK,36,"HONEY - PRODUCTION, MEASURED IN LB / COLONY",48
2013,NORTH CAROLINA,37,"HONEY - PRODUCTION, MEASURED IN LB / COLONY",38
2013,NORTH DAKOTA,38,"HONEY - PRODUCTION, MEASURED IN LB / COLONY",69
2013,OHIO,39,"HONEY - PRODUCTION, MEASURED IN LB / COLONY",45
2013,OREGON,41,"HONEY - PRODUCTION, MEASURED IN LB / COLONY",35
2013,OTHER STATES,,"HONEY - PRODUCTION, MEASURED IN LB / COLONY",39
2013,PENNSYLVANIA,42,"HONEY - PRODUCTION, MEASURED IN LB / COLONY",45
2013,SOUTH DAKOTA,46,"HONEY - PRODUCTION, MEASURED IN LB / COLONY",56
2013,TENNESSEE,47,"HONEY - PRODUCTION, MEASURED IN LB / COLONY",45
2013,TEXAS,48,"HONEY - PRODUCTION, MEASURED IN LB / COLONY",59
2013,UTAH,49,"HONEY - PRODUCTION, MEASURED IN LB / COLONY",34
2013,VERMONT,50,"HONEY - PRODUCTION, MEASURED IN LB / COLONY",51
2013,VIRGINIA,51,"HONEY - PRODUCTION, MEASURED IN LB / COLONY",35
2013,WASHINGTON,53,"HONEY - PRODUCTION, MEASURED IN LB / COLONY",39
2013,WEST VIRGINIA,54,"HONEY - PRODUCTION, MEASURED IN LB / COLONY",46
2013,WISCONSIN,55,"HONEY - PRODUCTION, MEASURED IN LB / COLONY",60
2013,WYOMING,56,"HONEY - PRODUCTION, MEASURED IN LB / COLONY",66
2012,ALABAMA,1,"HONEY - PRODUCTION, MEASURED IN LB / COLONY",54
2012,ARIZONA,4,"HONEY - PRODUCTION, MEASURED IN LB / COLONY",46
2012,ARKANSAS,5,"HONEY - PRODUCTION, MEASURED IN LB / COLONY",63
2012,CALIFORNIA,6,"HONEY - PRODUCTION, MEASURED IN LB / COLONY",35
2012,COLORADO,8,"HONEY - PRODUCTION, MEASURED IN LB / COLONY",48
2012,FLORIDA,12,"HONEY - PRODUCTION, MEASURED IN LB / COLONY",64
2012,GEORGIA,13,"HONEY - PRODUCTION, MEASURED IN LB / COLONY",51
2012,HAWAII,15,"HONEY - PRODUCTION, MEASURED IN LB / COLONY",75
2012,IDAHO,16,"HONEY - PRODUCTION, MEASURED IN LB / COLONY",32
2012,ILLINOIS,17,"HONEY - PRODUCTION, MEASURED IN LB / COLONY",61
2012,INDIANA,18,"HONEY - PRODUCTION, MEASURED IN LB / COLONY",59
2012,IOWA,19,"HONEY - PRODUCTION, MEASURED IN LB / COLONY",61
2012,KANSAS,20,"HONEY - PRODUCTION, MEASURED IN LB / COLONY",55
2012,KENTUCKY,21,"HONEY - PRODUCTION, MEASURED IN LB / COLONY",51
2012,LOUISIANA,22,"HONEY - PRODUCTION, MEASURED IN LB / COLONY",86
2012,MAINE,23,"HONEY - PRODUCTION, MEASURED IN LB / COLONY",34
2012,MICHIGAN,26,"HONEY - PRODUCTION, MEASURED IN LB / COLONY",57
2012,MINNESOTA,27,"HONEY - PRODUCTION, MEASURED IN LB / COLONY",67
2012,MISSISSIPPI,28,"HONEY - PRODUCTION, MEASURED IN LB / COLONY",118
2012,MISSOURI,29,"HONEY - PRODUCTION, MEASURED IN LB / COLONY",53
2012,MONTANA,30,"HONEY - PRODUCTION, MEASURED IN LB / COLONY",52
2012,NEBRASKA,31,"HONEY - PRODUCTION, MEASURED IN LB / COLONY",65
2012,NEW JERSEY,34,"HONEY - PRODUCTION, MEASURED IN LB / COLONY",33
2012,NEW MEXICO,35,"HONEY - PRODUCTION, MEASURED IN LB / COLONY",52
2012,NEW YORK,36,"HONEY - PRODUCTION, MEASURED IN LB / COLONY",51
2012,NORTH CAROLINA,37,"HONEY - PRODUCTION, MEASURED IN LB / COLONY",39
2012,NORTH DAKOTA,38,"HONEY - PRODUCTION, MEASURED IN LB / COLONY",69
2012,OHIO,39,"HONEY - PRODUCTION, MEASURED IN LB / COLONY",60
2012,OREGON,41,"HONEY - PRODUCTION, MEASURED IN LB / COLONY",32
2012,OTHER STATES,,"HONEY - PRODUCTION, MEASURED IN LB / COLONY",46
2012,PENNSYLVANIA,42,"HONEY - PRODUCTION, MEASURED IN LB / COLONY",60
2012,SOUTH DAKOTA,46,"HONEY - PRODUCTION, MEASURED IN LB / COLONY",63
2012,TENNESSEE,47,"HONEY - PRODUCTION, MEASURED IN LB / COLONY",61
2012,TEXAS,48,"HONEY - PRODUCTION, MEASURED IN LB / COLONY",52
2012,UTAH,49,"HONEY - PRODUCTION, MEASURED IN LB / COLONY",38
2012,VERMONT,50,"HONEY - PRODUCTION, MEASURED IN LB / COLONY",60
2012,VIRGINIA,51,"HONEY - PRODUCTION, MEASURED IN LB / COLONY",41
2012,WASHINGTON,53,"HONEY - PRODUCTION, MEASURED IN LB / COLONY",41
2012,WEST VIRGINIA,54,"HONEY - PRODUCTION, MEASURED IN LB / COLONY",48
2012,WISCONSIN,55,"HONEY - PRODUCTION, MEASURED IN LB / COLONY",69
2012,WYOMING,56,"HONEY - PRODUCTION, MEASURED IN LB / COLONY",51
2011,ALABAMA,1,"HONEY - PRODUCTION, MEASURED IN LB / COLONY",50
2011,ARIZONA,4,"HONEY - PRODUCTION, MEASURED IN LB / COLONY",53
2011,ARKANSAS,5,"HONEY - PRODUCTION, MEASURED IN LB / COLONY",64
2011,CALIFORNIA,6,"HONEY - PRODUCTION, MEASURED IN LB / COLONY",48
2011,COLORADO,8,"HONEY - PRODUCTION, MEASURED IN LB / COLONY",55
2011,FLORIDA,12,"HONEY - PRODUCTION, MEASURED IN LB / COLONY",61
2011,GEORGIA,13,"HONEY - PRODUCTION, MEASURED IN LB / COLONY",43
2011,HAWAII,15,"HONEY - PRODUCTION, MEASURED IN LB / COLONY",74
2011,IDAHO,16,"HONEY - PRODUCTION, MEASURED IN LB / COLONY",36
2011,ILLINOIS,17,"HONEY - PRODUCTION, MEASURED IN LB / COLONY",50
2011,INDIANA,18,"HONEY - PRODUCTION, MEASURED IN LB / COLONY",51
2011,IOWA,19,"HONEY - PRODUCTION, MEASURED IN LB / COLONY",62
2011,KANSAS,20,"HONEY - PRODUCTION, MEASURED IN LB / COLONY",44
2011,KENTUCKY,21,"HONEY - PRODUCTION, MEASURED IN LB / COLONY",39
2011,LOUISIANA,22,"HONEY - PRODUCTION, MEASURED IN LB / COLONY",77
2011,MAINE,23,"HONEY - PRODUCTION, MEASURED IN LB / COLONY",30
2011,MICHIGAN,26,"HONEY - PRODUCTION, MEASURED IN LB / COLONY",64
2011,MINNESOTA,27,"HONEY - PRODUCTION, MEASURED IN LB / COLONY",53
2011,MISSISSIPPI,28,"HONEY - PRODUCTION, MEASURED IN LB / COLONY",115
2011,MISSOURI,29,"HONEY - PRODUCTION, MEASURED IN LB / COLONY",43
2011,MONTANA,30,"HONEY - PRODUCTION, MEASURED IN LB / COLONY",92
2011,NEBRASKA,31,"HONEY - PRODUCTION, MEASURED IN LB / COLONY",59
2011,NEW JERSEY,34,"HONEY - PRODUCTION, MEASURED IN LB / COLONY",41
2011,NEW MEXICO,35,"HONEY - PRODUCTION, MEASURED IN LB / COLONY",56
2011,NEW YORK,36,"HONEY - PRODUCTION, MEASURED IN LB / COLONY",56
2011,NORTH CAROLINA,37,"HONEY - PRODUCTION, MEASURED IN LB / COLONY",62
2011,NORTH DAKOTA,38,"HONEY - PRODUCTION, MEASURED IN LB / COLONY",71
2011,OHIO,39,"HONEY - PRODUCTION, MEASURED IN LB / COLONY",66
2011,OREGON,41,"HONEY - PRODUCTION, MEASURED IN LB / COLONY",34
2011,OTHER STATES,,"HONEY - PRODUCTION, MEASURED IN LB / COLONY",46
2011,PENNSYLVANIA,42,"HONEY - PRODUCTION, MEASURED IN LB / COLONY",44
2011,SOUTH DAKOTA,46,"HONEY - PRODUCTION, MEASURED IN LB / COLONY",66
2011,TENNESSEE,47,"HONEY - PRODUCTION, MEASURED IN LB / COLONY",44
2011,TEXAS,48,"HONEY - PRODUCTION, MEASURED IN LB / COLONY",58
2011,UTAH,49,"HONEY - PRODUCTION, MEASURED IN LB / COLONY",39
2011,VERMONT,50,"HONEY - PRODUCTION, MEASURED IN LB / COLONY",43
2011,VIRGINIA,51,"HONEY - PRODUCTION, MEASURED IN LB / COLONY",40
2011,WASHINGTON,53,"HONEY - PRODUCTION, MEASURED IN LB / COLONY",38
2011,WEST VIRGINIA,54,"HONEY - PRODUCTION, MEASURED IN LB / COLONY",53
2011,WISCONSIN,55,"HONEY - PRODUCTION, MEASURED IN LB / COLONY",63
2011,WYOMING,56,"HONEY - PRODUCTION, MEASURED IN LB / COLONY",54
2010,ALABAMA,1,"HONEY - PRODUCTION, MEASURED IN LB / COLONY",54
2010,ARIZONA,4,"HONEY - PRODUCTION, MEASURED IN LB / COLONY",77
2010,ARKANSAS,5,"HONEY - PRODUCTION, MEASURED IN LB / COLONY",60
2010,CALIFORNIA,6,"HONEY - PRODUCTION, MEASURED IN LB / COLONY",67
2010,COLORADO,8,"HONEY - PRODUCTION, MEASURED IN LB / COLONY",56
2010,FLORIDA,12,"HONEY - PRODUCTION, MEASURED IN LB / COLONY",69
2010,GEORGIA,13,"HONEY - PRODUCTION, MEASURED IN LB / COLONY",46
2010,HAWAII,15,"HONEY - PRODUCTION, MEASURED IN LB / COLONY",77
2010,IDAHO,16,"HONEY - PRODUCTION, MEASURED IN LB / COLONY",27
2010,ILLINOIS,17,"HONEY - PRODUCTION, MEASURED IN LB / COLONY",41
2010,INDIANA,18,"HONEY - PRODUCTION, MEASURED IN LB / COLONY",43
2010,IOWA,19,"HONEY - PRODUCTION, MEASURED IN LB / COLONY",49
2010,KANSAS,20,"HONEY - PRODUCTION, MEASURED IN LB / COLONY",52
2010,KENTUCKY,21,"HONEY - PRODUCTION, MEASURED IN LB / COLONY",67
2010,LOUISIANA,22,"HONEY - PRODUCTION, MEASURED IN LB / COLONY",80
2010,MAINE,23,"HONEY - PRODUCTION, MEASURED IN LB / COLONY",41
2010,MICHIGAN,26,"HONEY - PRODUCTION, MEASURED IN LB / COLONY",58
2010,MINNESOTA,27,"HONEY - PRODUCTION, MEASURED IN LB / COLONY",66
2010,MISSISSIPPI,28,"HONEY - PRODUCTION, MEASURED IN LB / COLONY",98
2010,MISSOURI,29,"HONEY - PRODUCTION, MEASURED IN LB / COLONY",52
2010,MONTANA,30,"HONEY - PRODUCTION, MEASURED IN LB / COLONY",74
2010,NEBRASKA,31,"HONEY - PRODUCTION, MEASURED IN LB / COLONY",55
2010,NEW JERSEY,34,"HONEY - PRODUCTION, MEASURED IN LB / COLONY",35
2010,NEW MEXICO,35,"HONEY - PRODUCTION, MEASURED IN LB / COLONY",66
2010,NEW YORK,36,"HONEY - PRODUCTION, MEASURED IN LB / COLONY",64
2010,NORTH CAROLINA,37,"HONEY - PRODUCTION, MEASURED IN LB / COLONY",46
2010,NORTH DAKOTA,38,"HONEY - PRODUCTION, MEASURED IN LB / COLONY",91
2010,OHIO,39,"HONEY - PRODUCTION, MEASURED IN LB / COLONY",62
2010,OREGON,41,"HONEY - PRODUCTION, MEASURED IN LB / COLONY",39
2010,OTHER STATES,,"HONEY - PRODUCTION, MEASURED IN LB / COLONY",45
2010,PENNSYLVANIA,42,"HONEY - PRODUCTION, MEASURED IN LB / COLONY",37
2010,SOUTH DAKOTA,46,"HONEY - PRODUCTION, MEASURED IN LB / COLONY",58
2010,TENNESSEE,47,"HONEY - PRODUCTION, MEASURED IN LB / COLONY",63
2010,TEXAS,48,"HONEY - PRODUCTION, MEASURED IN LB / COLONY",72
2010,UTAH,49,"HONEY - PRODUCTION, MEASURED IN LB / COLONY",30
2010,VERMONT,50,"HONEY - PRODUCTION, MEASURED IN LB / COLONY",65
2010,VIRGINIA,51,"HONEY - PRODUCTION, MEASURED IN LB / COLONY",37
2010,WASHINGTON,53,"HONEY - PRODUCTION, MEASURED IN LB / COLONY",37
2010,WEST VIRGINIA,54,"HONEY - PRODUCTION, MEASURED IN LB / COLONY",40
2010,WISCONSIN,55,"HONEY - PRODUCTION, MEASURED IN LB / COLONY",64
2010,WYOMING,56,"HONEY - PRODUCTION, MEASURED IN LB / COLONY",36
2009,ALABAMA,1,"HONEY - PRODUCTION, MEASURED IN LB / COLONY",50
2009,ARIZONA,4,"HONEY - PRODUCTION, MEASURED IN LB / COLONY",52
2009,ARKANSAS,5,"HONEY - PRODUCTION, MEASURED IN LB / COLONY",57
2009,CALIFORNIA,6,"HONEY - PRODUCTION, MEASURED IN LB / COLONY",33
2009,COLORADO,8,"HONEY - PRODUCTION, MEASURED IN LB / COLONY",53
2009,FLORIDA,12,"HONEY - PRODUCTION, MEASURED IN LB / COLONY",68
2009,GEORGIA,13,"HONEY - PRODUCTION, MEASURED IN LB / COLONY",41
2009,HAWAII,15,"HONEY - PRODUCTION, MEASURED IN LB / COLONY",95
2009,IDAHO,16,"HONEY - PRODUCTION, MEASURED IN LB / COLONY",46
2009,ILLINOIS,17,"HONEY - PRODUCTION, MEASURED IN LB / COLONY",34
2009,INDIANA,18,"HONEY - PRODUCTION, MEASURED IN LB / COLONY",32
2009,IOWA,19,"HONEY - PRODUCTION, MEASURED IN LB / COLONY",42
2009,KANSAS,20,"HONEY - PRODUCTION, MEASURED IN LB / COLONY",63
2009,KENTUCKY,21,"HONEY - PRODUCTION, MEASURED IN LB / COLONY",35
2009,LOUISIANA,22,"HONEY - PRODUCTION, MEASURED IN LB / COLONY",103
2009,MAINE,23,"HONEY - PRODUCTION, MEASURED IN LB / COLONY",50
2009,MICHIGAN,26,"HONEY - PRODUCTION, MEASURED IN LB / COLONY",60
2009,MINNESOTA,27,"HONEY - PRODUCTION, MEASURED IN LB / COLONY",65
2009,MISSISSIPPI,28,"HONEY - PRODUCTION, MEASURED IN LB / COLONY",104
2009,MISSOURI,29,"HONEY - PRODUCTION, MEASURED IN LB / COLONY",47
2009,MONTANA,30,"HONEY - PRODUCTION, MEASURED IN LB / COLONY",70
2009,NEBRASKA,31,"HONEY - PRODUCTION, MEASURED IN LB / COLONY",56
2009,NEW JERSEY,34,"HONEY - PRODUCTION, MEASURED IN LB / COLONY",32
2009,NEW MEXICO,35,"HONEY - PRODUCTION, MEASURED IN LB / COLONY",60
2009,NEW YORK,36,"HONEY - PRODUCTION, MEASURED IN LB / COLONY",65
2009,NORTH CAROLINA,37,"HONEY - PRODUCTION, MEASURED IN LB / COLONY",45
2009,NORTH DAKOTA,38,"HONEY - PRODUCTION, MEASURED IN LB / COLONY",77
2009,OHIO,39,"HONEY - PRODUCTION, MEASURED IN LB / COLONY",50
2009,OREGON,41,"HONEY - PRODUCTION, MEASURED IN LB / COLONY",34
2009,OTHER STATES,,"HONEY - PRODUCTION, MEASURED IN LB / COLONY",52
2009,PENNSYLVANIA,42,"HONEY - PRODUCTION, MEASURED IN LB / COLONY",40
2009,SOUTH DAKOTA,46,"HONEY - PRODUCTION, MEASURED IN LB / COLONY",66
2009,TENNESSEE,47,"HONEY - PRODUCTION, MEASURED IN LB / COLONY",51
2009,TEXAS,48,"HONEY - PRODUCTION, MEASURED IN LB / COLONY",63
2009,UTAH,49,"HONEY - PRODUCTION, MEASURED IN LB / COLONY",38
2009,VERMONT,50,"HONEY - PRODUCTION, MEASURED IN LB / COLONY",49
2009,VIRGINIA,51,"HONEY - PRODUCTION, MEASURED IN LB / COLONY",39
2009,WASHINGTON,53,"HONEY - PRODUCTION, MEASURED IN LB / COLONY",44
2009,WEST VIRGINIA,54,"HONEY - PRODUCTION, MEASURED IN LB / COLONY",37
2009,WISCONSIN,55,"HONEY - PRODUCTION, MEASURED IN LB / COLONY",60
2009,WYOMING,56,"HONEY - PRODUCTION, MEASURED IN LB / COLONY",48
2008,ALABAMA,1,"HONEY - PRODUCTION, MEASURED IN LB / COLONY",66
2008,ARIZONA,4,"HONEY - PRODUCTION, MEASURED IN LB / COLONY",64
2008,ARKANSAS,5,"HONEY - PRODUCTION, MEASURED IN LB / COLONY",75
2008,CALIFORNIA,6,"HONEY - PRODUCTION, MEASURED IN LB / COLONY",51
2008,COLORADO,8,"HONEY - PRODUCTION, MEASURED IN LB / COLONY",45
2008,FLORIDA,12,"HONEY - PRODUCTION, MEASURED IN LB / COLONY",79
2008,GEORGIA,13,"HONEY - PRODUCTION, MEASURED IN LB / COLONY",71
2008,HAWAII,15,"HONEY - PRODUCTION, MEASURED IN LB / COLONY",90
2008,IDAHO,16,"HONEY - PRODUCTION, MEASURED IN LB / COLONY",40
2008,ILLINOIS,17,"HONEY - PRODUCTION, MEASURED IN LB / COLONY",56
2008,INDIANA,18,"HONEY - PRODUCTION, MEASURED IN LB / COLONY",67
2008,IOWA,19,"HONEY - PRODUCTION, MEASURED IN LB / COLONY",62
2008,KANSAS,20,"HONEY - PRODUCTION, MEASURED IN LB / COLONY",61
2008,KENTUCKY,21,"HONEY - PRODUCTION, MEASURED IN LB / COLONY",39
2008,LOUISIANA,22,"HONEY - PRODUCTION, MEASURED IN LB / COLONY",77
2008,MAINE,23,"HONEY - PRODUCTION, MEASURED IN LB / COLONY",42
2008,MICHIGAN,26,"HONEY - PRODUCTION, MEASURED IN LB / COLONY",73
2008,MINNESOTA,27,"HONEY - PRODUCTION, MEASURED IN LB / COLONY",78
2008,MISSISSIPPI,28,"HONEY - PRODUCTION, MEASURED IN LB / COLONY",98
2008,MISSOURI,29,"HONEY - PRODUCTION, MEASURED IN LB / COLONY",53
2008,MONTANA,30,"HONEY - PRODUCTION, MEASURED IN LB / COLONY",70
2008,NEBRASKA,31,"HONEY - PRODUCTION, MEASURED IN LB / COLONY",67
2008,NEVADA,32,"HONEY - PRODUCTION, MEASURED IN LB / COLONY",29
2008,NEW JERSEY,34,"HONEY - PRODUCTION, MEASURED IN LB / COLONY",40
2008,NEW MEXICO,35,"HONEY - PRODUCTION, MEASURED IN LB / COLONY",48
2008,NEW YORK,36,"HONEY - PRODUCTION, MEASURED IN LB / COLONY",70
2008,NORTH CAROLINA,37,"HONEY - PRODUCTION, MEASURED IN LB / COLONY",52
2008,NORTH DAKOTA,38,"HONEY - PRODUCTION, MEASURED IN LB / COLONY",90
2008,OHIO,39,"HONEY - PRODUCTION, MEASURED IN LB / COLONY",53
2008,OREGON,41,"HONEY - PRODUCTION, MEASURED IN LB / COLONY",43
2008,OTHER STATES,,"HONEY - PRODUCTION, MEASURED IN LB / COLONY",51
2008,PENNSYLVANIA,42,"HONEY - PRODUCTION, MEASURED IN LB / COLONY",48
2008,SOUTH DAKOTA,46,"HONEY - PRODUCTION, MEASURED IN LB / COLONY",95
2008,TENNESSEE,47,"HONEY - PRODUCTION, MEASURED IN LB / COLONY",61
2008,TEXAS,48,"HONEY - PRODUCTION, MEASURED IN LB / COLONY",64
2008,UTAH,49,"HONEY - PRODUCTION, MEASURED IN LB / COLONY",48
2008,VERMONT,50,"HONEY - PRODUCTION, MEASURED IN LB / COLONY",66
2008,VIRGINIA,51,"HONEY - PRODUCTION, MEASURED IN LB / COLONY",42
2008,WASHINGTON,53,"HONEY - PRODUCTION, MEASURED IN LB / COLONY",44
2008,WEST VIRGINIA,54,"HONEY - PRODUCTION, MEASURED IN LB / COLONY",43
2008,WISCONSIN,55,"HONEY - PRODUCTION, MEASURED IN LB / COLONY",80
2008,WYOMING,56,"HONEY - PRODUCTION, MEASURED IN LB / COLONY",61
2007,ALABAMA,1,"HONEY - PRODUCTION, MEASURED IN LB / COLONY",56
2007,ARIZONA,4,"HONEY - PRODUCTION, MEASURED IN LB / COLONY",64
2007,ARKANSAS,5,"HONEY - PRODUCTION, MEASURED IN LB / COLONY",80
2007,CALIFORNIA,6,"HONEY - PRODUCTION, MEASURED IN LB / COLONY",40
2007,COLORADO,8,"HONEY - PRODUCTION, MEASURED IN LB / COLONY",51
2007,FLORIDA,12,"HONEY - PRODUCTION, MEASURED IN LB / COLONY",71
2007,GEORGIA,13,"HONEY - PRODUCTION, MEASURED IN LB / COLONY",58
2007,HAWAII,15,"HONEY - PRODUCTION, MEASURED IN LB / COLONY",92
2007,IDAHO,16,"HONEY - PRODUCTION, MEASURED IN LB / COLONY",41
2007,ILLINOIS,17,"HONEY - PRODUCTION, MEASURED IN LB / COLONY",63
2007,INDIANA,18,"HONEY - PRODUCTION, MEASURED IN LB / COLONY",53
2007,IOWA,19,"HONEY - PRODUCTION, MEASURED IN LB / COLONY",81
2007,KANSAS,20,"HONEY - PRODUCTION, MEASURED IN LB / COLONY",40
2007,KENTUCKY,21,"HONEY - PRODUCTION, MEASURED IN LB / COLONY",61
2007,LOUISIANA,22,"HONEY - PRODUCTION, MEASURED IN LB / COLONY",89
2007,MAINE,23,"HONEY - PRODUCTION, MEASURED IN LB / COLONY",26
2007,MICHIGAN,26,"HONEY - PRODUCTION, MEASURED IN LB / COLONY",64
2007,MINNESOTA,27,"HONEY - PRODUCTION, MEASURED IN LB / COLONY",68
2007,MISSISSIPPI,28,"HONEY - PRODUCTION, MEASURED IN LB / COLONY",92
2007,MISSOURI,29,"HONEY - PRODUCTION, MEASURED IN LB / COLONY",46
2007,MONTANA,30,"HONEY - PRODUCTION, MEASURED IN LB / COLONY",68
2007,NEBRASKA,31,"HONEY - PRODUCTION, MEASURED IN LB / COLONY",49
2007,NEVADA,32,"HONEY - PRODUCTION, MEASURED IN LB / COLONY",28
2007,NEW JERSEY,34,"HONEY - PRODUCTION, MEASURED IN LB / COLONY",57
2007,NEW MEXICO,35,"HONEY - PRODUCTION, MEASURED IN LB / COLONY",59
2007,NEW YORK,36,"HONEY - PRODUCTION, MEASURED IN LB / COLONY",57
2007,NORTH CAROLINA,37,"HONEY - PRODUCTION, MEASURED IN LB / COLONY",45
2007,NORTH DAKOTA,38,"HONEY - PRODUCTION, MEASURED IN LB / COLONY",74
2007,OHIO,39,"HONEY - PRODUCTION, MEASURED IN LB / COLONY",61
2007,OREGON,41,"HONEY - PRODUCTION, MEASURED IN LB / COLONY",43
2007,OTHER STATES,,"HONEY - PRODUCTION, MEASURED IN LB / COLONY",48
2007,PENNSYLVANIA,42,"HONEY - PRODUCTION, MEASURED IN LB / COLONY",42
2007,SOUTH DAKOTA,46,"HONEY - PRODUCTION, MEASURED IN LB / COLONY",52
2007,TENNESSEE,47,"HONEY - PRODUCTION, MEASURED IN LB / COLONY",65
2007,TEXAS,48,"HONEY - PRODUCTION, MEASURED IN LB / COLONY",82
2007,UTAH,49,"HONEY - PRODUCTION, MEASURED IN LB / COLONY",42
2007,VERMONT,50,"HONEY - PRODUCTION, MEASURED IN LB / COLONY",64
2007,VIRGINIA,51,"HONEY - PRODUCTION, MEASURED IN LB / COLONY",46
2007,WASHINGTON,53,"HONEY - PRODUCTION, MEASURED IN LB / COLONY",44
2007,WEST VIRGINIA,54,"HONEY - PRODUCTION, MEASURED IN LB / COLONY",48
2007,WISCONSIN,55,"HONEY - PRODUCTION, MEASURED IN LB / COLONY",84
2007,WYOMING,56,"HONEY - PRODUCTION, MEASURED IN LB / COLONY",80
2006,ALABAMA,1,"HONEY - PRODUCTION, MEASURED IN LB / COLONY",72
2006,ARIZONA,4,"HONEY - PRODUCTION, MEASURED IN LB / COLONY",65
2006,ARKANSAS,5,"HONEY - PRODUCTION, MEASURED IN LB / COLONY",76
2006,CALIFORNIA,6,"HONEY - PRODUCTION, MEASURED IN LB / COLONY",52
2006,COLORADO,8,"HONEY - PRODUCTION, MEASURED IN LB / COLONY",75
2006,FLORIDA,12,"HONEY - PRODUCTION, MEASURED IN LB / COLONY",81
2006,GEORGIA,13,"HONEY - PRODUCTION, MEASURED IN LB / COLONY",74
2006,HAWAII,15,"HONEY - PRODUCTION, MEASURED IN LB / COLONY",93
2006,IDAHO,16,"HONEY - PRODUCTION, MEASURED IN LB / COLONY",44
2006,ILLINOIS,17,"HONEY - PRODUCTION, MEASURED IN LB / COLONY",66
2006,INDIANA,18,"HONEY - PRODUCTION, MEASURED IN LB / COLONY",54
2006,IOWA,19,"HONEY - PRODUCTION, MEASURED IN LB / COLONY",84
2006,KANSAS,20,"HONEY - PRODUCTION, MEASURED IN LB / COLONY",55
2006,KENTUCKY,21,"HONEY - PRODUCTION, MEASURED IN LB / COLONY",56
2006,LOUISIANA,22,"HONEY - PRODUCTION, MEASURED IN LB / COLONY",90
2006,MAINE,23,"HONEY - PRODUCTION, MEASURED IN LB / COLONY",23
2006,MICHIGAN,26,"HONEY - PRODUCTION, MEASURED IN LB / COLONY",55
2006,MINNESOTA,27,"HONEY - PRODUCTION, MEASURED IN LB / COLONY",80
2006,MISSISSIPPI,28,"HONEY - PRODUCTION, MEASURED IN LB / COLONY",98
2006,MISSOURI,29,"HONEY - PRODUCTION, MEASURED IN LB / COLONY",46
2006,MONTANA,30,"HONEY - PRODUCTION, MEASURED IN LB / COLONY",79
2006,NEBRASKA,31,"HONEY - PRODUCTION, MEASURED IN LB / COLONY",73
2006,NEVADA,32,"HONEY - PRODUCTION, MEASURED IN LB / COLONY",37
2006,NEW JERSEY,34,"HONEY - PRODUCTION, MEASURED IN LB / COLONY",36
2006,NEW MEXICO,35,"HONEY - PRODUCTION, MEASURED IN LB / COLONY",48
2006,NEW YORK,36,"HONEY - PRODUCTION, MEASURED IN LB / COLONY",64
2006,NORTH CAROLINA,37,"HONEY - PRODUCTION, MEASURED IN LB / COLONY",50
2006,NORTH DAKOTA,38,"HONEY - PRODUCTION, MEASURED IN LB / COLONY",74
2006,OHIO,39,"HONEY - PRODUCTION, MEASURED IN LB / COLONY",56
2006,OREGON,41,"HONEY - PRODUCTION, MEASURED IN LB / COLONY",48
2006,OTHER STATES,,"HONEY - PRODUCTION, MEASURED IN LB / COLONY",42
2006,PENNSYLVANIA,42,"HONEY - PRODUCTION, MEASURED IN LB / COLONY",40
2006,SOUTH DAKOTA,46,"HONEY - PRODUCTION, MEASURED IN LB / COLONY",47
2006,TENNESSEE,47,"HONEY - PRODUCTION, MEASURED IN LB / COLONY",55
2006,TEXAS,48,"HONEY - PRODUCTION, MEASURED IN LB / COLONY",70
2006,UTAH,49,"HONEY - PRODUCTION, MEASURED IN LB / COLONY",50
2006,VERMONT,50,"HONEY - PRODUCTION, MEASURED IN LB / COLONY",56
2006,VIRGINIA,51,"HONEY - PRODUCTION, MEASURED IN LB / COLONY",42
2006,WASHINGTON,53,"HONEY - PRODUCTION, MEASURED IN LB / COLONY",52
2006,WEST VIRGINIA,54,"HONEY - PRODUCTION, MEASURED IN LB / COLONY",42
2006,WISCONSIN,55,"HONEY - PRODUCTION, MEASURED IN LB / COLONY",93
2006,WYOMING,56,"HONEY - PRODUCTION, MEASURED IN LB / COLONY",85
2005,ALABAMA,1,"HONEY - PRODUCTION, MEASURED IN LB / COLONY",66
2005,ARIZONA,4,"HONEY - PRODUCTION, MEASURED IN LB / COLONY",50
2005,ARKANSAS,5,"HONEY - PRODUCTION, MEASURED IN LB / COLONY",69
2005,CALIFORNIA,6,"HONEY - PRODUCTION, MEASURED IN LB / COLONY",75
2005,COLORADO,8,"HONEY - PRODUCTION, MEASURED IN LB / COLONY",70
2005,FLORIDA,12,"HONEY - PRODUCTION, MEASURED IN LB / COLONY",86
2005,GEORGIA,13,"HONEY - PRODUCTION, MEASURED IN LB / COLONY",49
2005,HAWAII,15,"HONEY - PRODUCTION, MEASURED IN LB / COLONY",131
2005,IDAHO,16,"HONEY - PRODUCTION, MEASURED IN LB / COLONY",37
2005,ILLINOIS,17,"HONEY - PRODUCTION, MEASURED IN LB / COLONY",85
2005,INDIANA,18,"HONEY - PRODUCTION, MEASURED IN LB / COLONY",64
2005,IOWA,19,"HONEY - PRODUCTION, MEASURED IN LB / COLONY",88
2005,KANSAS,20,"HONEY - PRODUCTION, MEASURED IN LB / COLONY",50
2005,KENTUCKY,21,"HONEY - PRODUCTION, MEASURED IN LB / COLONY",50
2005,LOUISIANA,22,"HONEY - PRODUCTION, MEASURED IN LB / COLONY",97
2005,MAINE,23,"HONEY - PRODUCTION, MEASURED IN LB / COLONY",26
2005,MICHIGAN,26,"HONEY - PRODUCTION, MEASURED IN LB / COLONY",68
2005,MINNESOTA,27,"HONEY - PRODUCTION, MEASURED IN LB / COLONY",74
2005,MISSISSIPPI,28,"HONEY - PRODUCTION, MEASURED IN LB / COLONY",80
2005,MISSOURI,29,"HONEY - PRODUCTION, MEASURED IN LB / COLONY",50
2005,MONTANA,30,"HONEY - PRODUCTION, MEASURED IN LB / COLONY",67
2005,NEBRASKA,31,"HONEY - PRODUCTION, MEASURED IN LB / COLONY",68
2005,NEVADA,32,"HONEY - PRODUCTION, MEASURED IN LB / COLONY",46
2005,NEW JERSEY,34,"HONEY - PRODUCTION, MEASURED IN LB / COLONY",32
2005,NEW MEXICO,35,"HONEY - PRODUCTION, MEASURED IN LB / COLONY",49
2005,NEW YORK,36,"HONEY - PRODUCTION, MEASURED IN LB / COLONY",73
2005,NORTH CAROLINA,37,"HONEY - PRODUCTION, MEASURED IN LB / COLONY",54
2005,NORTH DAKOTA,38,"HONEY - PRODUCTION, MEASURED IN LB / COLONY",91
2005,OHIO,39,"HONEY - PRODUCTION, MEASURED IN LB / COLONY",69
2005,OREGON,41,"HONEY - PRODUCTION, MEASURED IN LB / COLONY",42
2005,OTHER STATES,,"HONEY - PRODUCTION, MEASURED IN LB / COLONY",43
2005,PENNSYLVANIA,42,"HONEY - PRODUCTION, MEASURED IN LB / COLONY",56
2005,SOUTH DAKOTA,46,"HONEY - PRODUCTION, MEASURED IN LB / COLONY",79
2005,TENNESSEE,47,"HONEY - PRODUCTION, MEASURED IN LB / COLONY",55
2005,TEXAS,48,"HONEY - PRODUCTION, MEASURED IN LB / COLONY",71
2005,UTAH,49,"HONEY - PRODUCTION, MEASURED IN LB / COLONY",45
2005,VERMONT,50,"HONEY - PRODUCTION, MEASURED IN LB / COLONY",91
2005,VIRGINIA,51,"HONEY - PRODUCTION, MEASURED IN LB / COLONY",37
2005,WASHINGTON,53,"HONEY - PRODUCTION, MEASURED IN LB / COLONY",55
2005,WEST VIRGINIA,54,"HONEY - PRODUCTION, MEASURED IN LB / COLONY",51
2005,WISCONSIN,55,"HONEY - PRODUCTION, MEASURED IN LB / COLONY",83
2005,WYOMING,56,"HONEY - PRODUCTION, MEASURED IN LB / COLONY",56
2004,ALABAMA,1,"HONEY - PRODUCTION, MEASURED IN LB / COLONY",87
2004,ARIZONA,4,"HONEY - PRODUCTION, MEASURED IN LB / COLONY",55
2004,ARKANSAS,5,"HONEY - PRODUCTION, MEASURED IN LB / COLONY",57
2004,CALIFORNIA,6,"HONEY - PRODUCTION, MEASURED IN LB / COLONY",45
2004,COLORADO,8,"HONEY - PRODUCTION, MEASURED IN LB / COLONY",80
2004,FLORIDA,12,"HONEY - PRODUCTION, MEASURED IN LB / COLONY",98
2004,GEORGIA,13,"HONEY - PRODUCTION, MEASURED IN LB / COLONY",49
2004,HAWAII,15,"HONEY - PRODUCTION, MEASURED IN LB / COLONY",96
2004,IDAHO,16,"HONEY - PRODUCTION, MEASURED IN LB / COLONY",63
2004,ILLINOIS,17,"HONEY - PRODUCTION, MEASURED IN LB / COLONY",55
2004,INDIANA,18,"HONEY - PRODUCTION, MEASURED IN LB / COLONY",59
2004,IOWA,19,"HONEY - PRODUCTION, MEASURED IN LB / COLONY",67
2004,KANSAS,20,"HONEY - PRODUCTION, MEASURED IN LB / COLONY",80
2004,KENTUCKY,21,"HONEY - PRODUCTION, MEASURED IN LB / COLONY",56
2004,LOUISIANA,22,"HONEY - PRODUCTION, MEASURED IN LB / COLONY",98
2004,MAINE,23,"HONEY - PRODUCTION, MEASURED IN LB / COLONY",31
2004,MICHIGAN,26,"HONEY - PRODUCTION, MEASURED IN LB / COLONY",67
2004,MINNESOTA,27,"HONEY - PRODUCTION, MEASURED IN LB / COLONY",75
2004,MISSISSIPPI,28,"HONEY - PRODUCTION, MEASURED IN LB / COLONY",65
2004,MISSOURI,29,"HONEY - PRODUCTION, MEASURED IN LB / COLONY",41
2004,MONTANA,30,"HONEY - PRODUCTION, MEASURED IN LB / COLONY",77
2004,NEBRASKA,31,"HONEY - PRODUCTION, MEASURED IN LB / COLONY",89
2004,NEVADA,32,"HONEY - PRODUCTION, MEASURED IN LB / COLONY",55
2004,NEW JERSEY,34,"HONEY - PRODUCTION, MEASURED IN LB / COLONY",27
2004,NEW MEXICO,35,"HONEY - PRODUCTION, MEASURED IN LB / COLONY",44
2004,NEW YORK,36,"HONEY - PRODUCTION, MEASURED IN LB / COLONY",67
2004,NORTH CAROLINA,37,"HONEY - PRODUCTION, MEASURED IN LB / COLONY",40
2004,NORTH DAKOTA,38,"HONEY - PRODUCTION, MEASURED IN LB / COLONY",78
2004,OHIO,39,"HONEY - PRODUCTION, MEASURED IN LB / COLONY",58
2004,OREGON,41,"HONEY - PRODUCTION, MEASURED IN LB / COLONY",54
2004,OTHER STATES,,"HONEY - PRODUCTION, MEASURED IN LB / COLONY",51
2004,PENNSYLVANIA,42,"HONEY - PRODUCTION, MEASURED IN LB / COLONY",54
2004,SOUTH DAKOTA,46,"HONEY - PRODUCTION, MEASURED IN LB / COLONY",105
2004,TENNESSEE,47,"HONEY - PRODUCTION, MEASURED IN LB / COLONY",54
2004,TEXAS,48,"HONEY - PRODUCTION, MEASURED IN LB / COLONY",76
2004,UTAH,49,"HONEY - PRODUCTION, MEASURED IN LB / COLONY",70
2004,VERMONT,50,"HONEY - PRODUCTION, MEASURED IN LB / COLONY",68
2004,VIRGINIA,51,"HONEY - PRODUCTION, MEASURED IN LB / COLONY",38
2004,WASHINGTON,53,"HONEY - PRODUCTION, MEASURED IN LB / COLONY",63
2004,WEST VIRGINIA,54,"HONEY - PRODUCTION, MEASURED IN LB / COLONY",55
2004,WISCONSIN,55,"HONEY - PRODUCTION, MEASURED IN LB / COLONY",86
2004,WYOMING,56,"HONEY - PRODUCTION, MEASURED IN LB / COLONY",75
2003,ALABAMA,1,"HONEY - PRODUCTION, MEASURED IN LB / COLONY",82
2003,ARIZONA,4,"HONEY - PRODUCTION, MEASURED IN LB / COLONY",72
2003,ARKANSAS,5,"HONEY - PRODUCTION, MEASURED IN LB / COLONY",75
2003,CALIFORNIA,6,"HONEY - PRODUCTION, MEASURED IN LB / COLONY",67
2003,COLORADO,8,"HONEY - PRODUCTION, MEASURED IN LB / COLONY",86
2003,FLORIDA,12,"HONEY - PRODUCTION, MEASURED IN LB / COLONY",71
2003,GEORGIA,13,"HONEY - PRODUCTION, MEASURED IN LB / COLONY",65
2003,HAWAII,15,"HONEY - PRODUCTION, MEASURED IN LB / COLONY",114
2003,IDAHO,16,"HONEY - PRODUCTION, MEASURED IN LB / COLONY",46
2003,ILLINOIS,17,"HONEY - PRODUCTION, MEASURED IN LB / COLONY",60
2003,INDIANA,18,"HONEY - PRODUCTION, MEASURED IN LB / COLONY",56
2003,IOWA,19,"HONEY - PRODUCTION, MEASURED IN LB / COLONY",59
2003,KANSAS,20,"HONEY - PRODUCTION, MEASURED IN LB / COLONY",57
2003,KENTUCKY,21,"HONEY - PRODUCTION, MEASURED IN LB / COLONY",48
2003,LOUISIANA,22,"HONEY - PRODUCTION, MEASURED IN LB / COLONY",90
2003,MAINE,23,"HONEY - PRODUCTION, MEASURED IN LB / COLONY",33
2003,MARYLAND,24,"HONEY - PRODUCTION, MEASURED IN LB / COLONY",42
2003,MICHIGAN,26,"HONEY - PRODUCTION, MEASURED IN LB / COLONY",74
2003,MINNESOTA,27,"HONEY - PRODUCTION, MEASURED IN LB / COLONY",83
2003,MISSISSIPPI,28,"HONEY - PRODUCTION, MEASURED IN LB / COLONY",69
2003,MISSOURI,29,"HONEY - PRODUCTION, MEASURED IN LB / COLONY",53
2003,MONTANA,30,"HONEY - PRODUCTION, MEASURED IN LB / COLONY",66
2003,NEBRASKA,31,"HONEY - PRODUCTION, MEASURED IN LB / COLONY",74
2003,NEVADA,32,"HONEY - PRODUCTION, MEASURED IN LB / COLONY",64
2003,NEW JERSEY,34,"HONEY - PRODUCTION, MEASURED IN LB / COLONY",19
2003,NEW MEXICO,35,"HONEY - PRODUCTION, MEASURED IN LB / COLONY",41
2003,NEW YORK,36,"HONEY - PRODUCTION, MEASURED IN LB / COLONY",72
2003,NORTH CAROLINA,37,"HONEY - PRODUCTION, MEASURED IN LB / COLONY",44
2003,NORTH DAKOTA,38,"HONEY - PRODUCTION, MEASURED IN LB / COLONY",87
2003,OHIO,39,"HONEY - PRODUCTION, MEASURED IN LB / COLONY",50
2003,OKLAHOMA,40,"HONEY - PRODUCTION, MEASURED IN LB / COLONY",47
2003,OREGON,41,"HONEY - PRODUCTION, MEASURED IN LB / COLONY",51
2003,OTHER STATES,,"HONEY - PRODUCTION, MEASURED IN LB / COLONY",44
2003,PENNSYLVANIA,42,"HONEY - PRODUCTION, MEASURED IN LB / COLONY",50
2003,SOUTH CAROLINA,45,"HONEY - PRODUCTION, MEASURED IN LB / COLONY",70
2003,SOUTH DAKOTA,46,"HONEY - PRODUCTION, MEASURED IN LB / COLONY",70
2003,TENNESSEE,47,"HONEY - PRODUCTION, MEASURED IN LB / COLONY",40
2003,TEXAS,48,"HONEY - PRODUCTION, MEASURED IN LB / COLONY",67
2003,UTAH,49,"HONEY - PRODUCTION, MEASURED IN LB / COLONY",57
2003,VERMONT,50,"HONEY - PRODUCTION, MEASURED IN LB / COLONY",83
2003,VIRGINIA,51,"HONEY - PRODUCTION, MEASURED IN LB / COLONY",37
2003,WASHINGTON,53,"HONEY - PRODUCTION, MEASURED IN LB / COLONY",56
2003,WEST VIRGINIA,54,"HONEY - PRODUCTION, MEASURED IN LB / COLONY",47
2003,WISCONSIN,55,"HONEY - PRODUCTION, MEASURED IN LB / COLONY",77
2003,WYOMING,56,"HONEY - PRODUCTION, MEASURED IN LB / COLONY",81
2002,ALABAMA,1,"HONEY - PRODUCTION, MEASURED IN LB / COLONY",86
2002,ARIZONA,4,"HONEY - PRODUCTION, MEASURED IN LB / COLONY",63
2002,ARKANSAS,5,"HONEY - PRODUCTION, MEASURED IN LB / COLONY",88
2002,CALIFORNIA,6,"HONEY - PRODUCTION, MEASURED IN LB / COLONY",50
2002,COLORADO,8,"HONEY - PRODUCTION, MEASURED IN LB / COLONY",60
2002,FLORIDA,12,"HONEY - PRODUCTION, MEASURED IN LB / COLONY",93
2002,GEORGIA,13,"HONEY - PRODUCTION, MEASURED IN LB / COLONY",52
2002,HAWAII,15,"HONEY - PRODUCTION, MEASURED IN LB / COLONY",136
2002,IDAHO,16,"HONEY - PRODUCTION, MEASURED IN LB / COLONY",57
2002,ILLINOIS,17,"HONEY - PRODUCTION, MEASURED IN LB / COLONY",80
2002,INDIANA,18,"HONEY - PRODUCTION, MEASURED IN LB / COLONY",62
2002,IOWA,19,"HONEY - PRODUCTION, MEASURED IN LB / COLONY",70
2002,KANSAS,20,"HONEY - PRODUCTION, MEASURED IN LB / COLONY",52
2002,KENTUCKY,21,"HONEY - PRODUCTION, MEASURED IN LB / COLONY",54
2002,LOUISIANA,22,"HONEY - PRODUCTION, MEASURED IN LB / COLONY",124
2002,MAINE,23,"HONEY - PRODUCTION, MEASURED IN LB / COLONY",41
2002,MARYLAND,24,"HONEY - PRODUCTION, MEASURED IN LB / COLONY",46
2002,MICHIGAN,26,"HONEY - PRODUCTION, MEASURED IN LB / COLONY",77
2002,MINNESOTA,27,"HONEY - PRODUCTION, MEASURED IN LB / COLONY",73
2002,MISSISSIPPI,28,"HONEY - PRODUCTION, MEASURED IN LB / COLONY",78
2002,MISSOURI,29,"HONEY - PRODUCTION, MEASURED IN LB / COLONY",50
2002,MONTANA,30,"HONEY - PRODUCTION, MEASURED IN LB / COLONY",63
2002,NEBRASKA,31,"HONEY - PRODUCTION, MEASURED IN LB / COLONY",75
2002,NEVADA,32,"HONEY - PRODUCTION, MEASURED IN LB / COLONY",62
2002,NEW JERSEY,34,"HONEY - PRODUCTION, MEASURED IN LB / COLONY",40
2002,NEW MEXICO,35,"HONEY - PRODUCTION, MEASURED IN LB / COLONY",44
2002,NEW YORK,36,"HONEY - PRODUCTION, MEASURED IN LB / COLONY",98
2002,NORTH CAROLINA,37,"HONEY - PRODUCTION, MEASURED IN LB / COLONY",42
2002,NORTH DAKOTA,38,"HONEY - PRODUCTION, MEASURED IN LB / COLONY",75
2002,OHIO,39,"HONEY - PRODUCTION, MEASURED IN LB / COLONY",70
2002,OKLAHOMA,40,"HONEY - PRODUCTION, MEASURED IN LB / COLONY",53
2002,OREGON,41,"HONEY - PRODUCTION, MEASURED IN LB / COLONY",49
2002,OTHER STATES,,"HONEY - PRODUCTION, MEASURED IN LB / COLONY",50
2002,PENNSYLVANIA,42,"HONEY - PRODUCTION, MEASURED IN LB / COLONY",57
2002,SOUTH CAROLINA,45,"HONEY - PRODUCTION, MEASURED IN LB / COLONY",94
2002,SOUTH DAKOTA,46,"HONEY - PRODUCTION, MEASURED IN LB / COLONY",51
2002,TENNESSEE,47,"HONEY - PRODUCTION, MEASURED IN LB / COLONY",61
2002,TEXAS,48,"HONEY - PRODUCTION, MEASURED IN LB / COLONY",67
2002,UTAH,49,"HONEY - PRODUCTION, MEASURED IN LB / COLONY",59
2002,VERMONT,50,"HONEY - PRODUCTION, MEASURED IN LB / COLONY",89
2002,VIRGINIA,51,"HONEY - PRODUCTION, MEASURED IN LB / COLONY",38
2002,WASHINGTON,53,"HONEY - PRODUCTION, MEASURED IN LB / COLONY",51
2002,WEST VIRGINIA,54,"HONEY - PRODUCTION, MEASURED IN LB / COLONY",51
2002,WISCONSIN,55,"HONEY - PRODUCTION, MEASURED IN LB / COLONY",95
2002,WYOMING,56,"HONEY - PRODUCTION, MEASURED IN LB / COLONY",63
2001,ALABAMA,1,"HONEY - PRODUCTION, MEASURED IN LB / COLONY",73
2001,ARIZONA,4,"HONEY - PRODUCTION, MEASURED IN LB / COLONY",59
2001,ARKANSAS,5,"HONEY - PRODUCTION, MEASURED IN LB / COLONY",98
2001,CALIFORNIA,6,"HONEY - PRODUCTION, MEASURED IN LB / COLONY",61
2001,COLORADO,8,"HONEY - PRODUCTION, MEASURED IN LB / COLONY",55
2001,FLORIDA,12,"HONEY - PRODUCTION, MEASURED IN LB / COLONY",100
2001,GEORGIA,13,"HONEY - PRODUCTION, MEASURED IN LB / COLONY",57
2001,HAWAII,15,"HONEY - PRODUCTION, MEASURED IN LB / COLONY",87
2001,IDAHO,16,"HONEY - PRODUCTION, MEASURED IN LB / COLONY",46
2001,ILLINOIS,17,"HONEY - PRODUCTION, MEASURED IN LB / COLONY",76
2001,INDIANA,18,"HONEY - PRODUCTION, MEASURED IN LB / COLONY",76
2001,IOWA,19,"HONEY - PRODUCTION, MEASURED IN LB / COLONY",51
2001,KANSAS,20,"HONEY - PRODUCTION, MEASURED IN LB / COLONY",51
2001,KENTUCKY,21,"HONEY - PRODUCTION, MEASURED IN LB / COLONY",78
2001,LOUISIANA,22,"HONEY - PRODUCTION, MEASURED IN LB / COLONY",106
2001,MAINE,23,"HONEY - PRODUCTION, MEASURED IN LB / COLONY",20
2001,MARYLAND,24,"HONEY - PRODUCTION, MEASURED IN LB / COLONY",46
2001,MICHIGAN,26,"HONEY - PRODUCTION, MEASURED IN LB / COLONY",60
2001,MINNESOTA,27,"HONEY - PRODUCTION, MEASURED IN LB / COLONY",81
2001,MISSISSIPPI,28,"HONEY - PRODUCTION, MEASURED IN LB / COLONY",66
2001,MISSOURI,29,"HONEY - PRODUCTION, MEASURED IN LB / COLONY",61
2001,MONTANA,30,"HONEY - PRODUCTION, MEASURED IN LB / COLONY",102
2001,NEBRASKA,31,"HONEY - PRODUCTION, MEASURED IN LB / COLONY",48
2001,NEVADA,32,"HONEY - PRODUCTION, MEASURED IN LB / COLONY",50
2001,NEW JERSEY,34,"HONEY - PRODUCTION, MEASURED IN LB / COLONY",34
2001,NEW MEXICO,35,"HONEY - PRODUCTION, MEASURED IN LB / COLONY",70
2001,NEW YORK,36,"HONEY - PRODUCTION, MEASURED IN LB / COLONY",70
2001,NORTH CAROLINA,37,"HONEY - PRODUCTION, MEASURED IN LB / COLONY",44
2001,NORTH DAKOTA,38,"HONEY - PRODUCTION, MEASURED IN LB / COLONY",96
2001,OHIO,39,"HONEY - PRODUCTION, MEASURED IN LB / COLONY",81
2001,OKLAHOMA,40,"HONEY - PRODUCTION, MEASURED IN LB / COLONY",47
2001,OREGON,41,"HONEY - PRODUCTION, MEASURED IN LB / COLONY",44
2001,OTHER STATES,,"HONEY - PRODUCTION, MEASURED IN LB / COLONY",38
2001,PENNSYLVANIA,42,"HONEY - PRODUCTION, MEASURED IN LB / COLONY",57
2001,SOUTH CAROLINA,45,"HONEY - PRODUCTION, MEASURED IN LB / COLONY",40
2001,SOUTH DAKOTA,46,"HONEY - PRODUCTION, MEASURED IN LB / COLONY",65
2001,TENNESSEE,47,"HONEY - PRODUCTION, MEASURED IN LB / COLONY",59
2001,TEXAS,48,"HONEY - PRODUCTION, MEASURED IN LB / COLONY",79
2001,UTAH,49,"HONEY - PRODUCTION, MEASURED IN LB / COLONY",38
2001,VERMONT,50,"HONEY - PRODUCTION, MEASURED IN LB / COLONY",81
2001,VIRGINIA,51,"HONEY - PRODUCTION, MEASURED IN LB / COLONY",52
2001,WASHINGTON,53,"HONEY - PRODUCTION, MEASURED IN LB / COLONY",52
2001,WEST VIRGINIA,54,"HONEY - PRODUCTION, MEASURED IN LB / COLONY",65
2001,WISCONSIN,55,"HONEY - PRODUCTION, MEASURED IN LB / COLONY",81
2001,WYOMING,56,"HONEY - PRODUCTION, MEASURED IN LB / COLONY",77
2000,ALABAMA,1,"HONEY - PRODUCTION, MEASURED IN LB / COLONY",78
2000,ARIZONA,4,"HONEY - PRODUCTION, MEASURED IN LB / COLONY",59
2000,ARKANSAS,5,"HONEY - PRODUCTION, MEASURED IN LB / COLONY",93
2000,CALIFORNIA,6,"HONEY - PRODUCTION, MEASURED IN LB / COLONY",70
2000,COLORADO,8,"HONEY - PRODUCTION, MEASURED IN LB / COLONY",60
2000,FLORIDA,12,"HONEY - PRODUCTION, MEASURED IN LB / COLONY",105
2000,GEORGIA,13,"HONEY - PRODUCTION, MEASURED IN LB / COLONY",57
2000,HAWAII,15,"HONEY - PRODUCTION, MEASURED IN LB / COLONY",112
2000,IDAHO,16,"HONEY - PRODUCTION, MEASURED IN LB / COLONY",47
2000,ILLINOIS,17,"HONEY - PRODUCTION, MEASURED IN LB / COLONY",61
2000,INDIANA,18,"HONEY - PRODUCTION, MEASURED IN LB / COLONY",65
2000,IOWA,19,"HONEY - PRODUCTION, MEASURED IN LB / COLONY",67
2000,KANSAS,20,"HONEY - PRODUCTION, MEASURED IN LB / COLONY",68
2000,KENTUCKY,21,"HONEY - PRODUCTION, MEASURED IN LB / COLONY",48
2000,LOUISIANA,22,"HONEY - PRODUCTION, MEASURED IN LB / COLONY",94
2000,MAINE,23,"HONEY - PRODUCTION, MEASURED IN LB / COLONY",21
2000,MARYLAND,24,"HONEY - PRODUCTION, MEASURED IN LB / COLONY",46
2000,MICHIGAN,26,"HONEY - PRODUCTION, MEASURED IN LB / COLONY",75
2000,MINNESOTA,27,"HONEY - PRODUCTION, MEASURED IN LB / COLONY",90
2000,MISSISSIPPI,28,"HONEY - PRODUCTION, MEASURED IN LB / COLONY",72
2000,MISSOURI,29,"HONEY - PRODUCTION, MEASURED IN LB / COLONY",75
2000,MONTANA,30,"HONEY - PRODUCTION, MEASURED IN LB / COLONY",88
2000,NEBRASKA,31,"HONEY - PRODUCTION, MEASURED IN LB / COLONY",87
2000,NEVADA,32,"HONEY - PRODUCTION, MEASURED IN LB / COLONY",35
2000,NEW JERSEY,34,"HONEY - PRODUCTION, MEASURED IN LB / COLONY",35
2000,NEW MEXICO,35,"HONEY - PRODUCTION, MEASURED IN LB / COLONY",64
2000,NEW YORK,36,"HONEY - PRODUCTION, MEASURED IN LB / COLONY",80
2000,NORTH CAROLINA,37,"HONEY - PRODUCTION, MEASURED IN LB / COLONY",49
2000,NORTH DAKOTA,38,"HONEY - PRODUCTION, MEASURED IN LB / COLONY",115
2000,OHIO,39,"HONEY - PRODUCTION, MEASURED IN LB / COLONY",65
2000,OKLAHOMA,40,"HONEY - PRODUCTION, MEASURED IN LB / COLONY",35
2000,OREGON,41,"HONEY - PRODUCTION, MEASURED IN LB / COLONY",51
2000,OTHER STATES,,"HONEY - PRODUCTION, MEASURED IN LB / COLONY",40
2000,PENNSYLVANIA,42,"HONEY - PRODUCTION, MEASURED IN LB / COLONY",45
2000,SOUTH DAKOTA,46,"HONEY - PRODUCTION, MEASURED IN LB / COLONY",121
2000,TENNESSEE,47,"HONEY - PRODUCTION, MEASURED IN LB / COLONY",61
2000,TEXAS,48,"HONEY - PRODUCTION, MEASURED IN LB / COLONY",79
2000,UTAH,49,"HONEY - PRODUCTION, MEASURED IN LB / COLONY",41
2000,VERMONT,50,"HONEY - PRODUCTION, MEASURED IN LB / COLONY",59
2000,VIRGINIA,51,"HONEY - PRODUCTION, MEASURED IN LB / COLONY",42
2000,WASHINGTON,53,"HONEY - PRODUCTION, MEASURED IN LB / COLONY",54
2000,WEST VIRGINIA,54,"HONEY - PRODUCTION, MEASURED IN LB / COLONY",54
2000,WISCONSIN,55,"HONEY - PRODUCTION, MEASURED IN LB / COLONY",90
2000,WYOMING,56,"HONEY - PRODUCTION, MEASURED IN LB / COLONY",93
1999,ALABAMA,1,"HONEY - PRODUCTION, MEASURED IN LB / COLONY",68
1999,ARIZONA,4,"HONEY - PRODUCTION, MEASURED IN LB / COLONY",62
1999,ARKANSAS,5,"HONEY - PRODUCTION, MEASURED IN LB / COLONY",89
1999,CALIFORNIA,6,"HONEY - PRODUCTION, MEASURED IN LB / COLONY",60
1999,COLORADO,8,"HONEY - PRODUCTION, MEASURED IN LB / COLONY",76
1999,FLORIDA,12,"HONEY - PRODUCTION, MEASURED IN LB / COLONY",102
1999,GEORGIA,13,"HONEY - PRODUCTION, MEASURED IN LB / COLONY",51
1999,HAWAII,15,"HONEY - PRODUCTION, MEASURED IN LB / COLONY",80
1999,IDAHO,16,"HONEY - PRODUCTION, MEASURED IN LB / COLONY",48
1999,ILLINOIS,17,"HONEY - PRODUCTION, MEASURED IN LB / COLONY",66
1999,INDIANA,18,"HONEY - PRODUCTION, MEASURED IN LB / COLONY",81
1999,IOWA,19,"HONEY - PRODUCTION, MEASURED IN LB / COLONY",65
1999,KANSAS,20,"HONEY - PRODUCTION, MEASURED IN LB / COLONY",67
1999,KENTUCKY,21,"HONEY - PRODUCTION, MEASURED IN LB / COLONY",50
1999,LOUISIANA,22,"HONEY - PRODUCTION, MEASURED IN LB / COLONY",114
1999,MAINE,23,"HONEY - PRODUCTION, MEASURED IN LB / COLONY",22
1999,MARYLAND,24,"HONEY - PRODUCTION, MEASURED IN LB / COLONY",46
1999,MICHIGAN,26,"HONEY - PRODUCTION, MEASURED IN LB / COLONY",85
1999,MINNESOTA,27,"HONEY - PRODUCTION, MEASURED IN LB / COLONY",82
1999,MISSISSIPPI,28,"HONEY - PRODUCTION, MEASURED IN LB / COLONY",73
1999,MISSOURI,29,"HONEY - PRODUCTION, MEASURED IN LB / COLONY",65
1999,MONTANA,30,"HONEY - PRODUCTION, MEASURED IN LB / COLONY",70
1999,NEBRASKA,31,"HONEY - PRODUCTION, MEASURED IN LB / COLONY",77
1999,NEVADA,32,"HONEY - PRODUCTION, MEASURED IN LB / COLONY",45
1999,NEW JERSEY,34,"HONEY - PRODUCTION, MEASURED IN LB / COLONY",44
1999,NEW MEXICO,35,"HONEY - PRODUCTION, MEASURED IN LB / COLONY",52
1999,NEW YORK,36,"HONEY - PRODUCTION, MEASURED IN LB / COLONY",70
1999,NORTH CAROLINA,37,"HONEY - PRODUCTION, MEASURED IN LB / COLONY",46
1999,NORTH DAKOTA,38,"HONEY - PRODUCTION, MEASURED IN LB / COLONY",105
1999,OHIO,39,"HONEY - PRODUCTION, MEASURED IN LB / COLONY",74
1999,OKLAHOMA,40,"HONEY - PRODUCTION, MEASURED IN LB / COLONY",45
1999,OREGON,41,"HONEY - PRODUCTION, MEASURED IN LB / COLONY",57
1999,OTHER STATES,,"HONEY - PRODUCTION, MEASURED IN LB / COLONY",45
1999,PENNSYLVANIA,42,"HONEY - PRODUCTION, MEASURED IN LB / COLONY",60
1999,SOUTH DAKOTA,46,"HONEY - PRODUCTION, MEASURED IN LB / COLONY",104
1999,TENNESSEE,47,"HONEY - PRODUCTION, MEASURED IN LB / COLONY",51
1999,TEXAS,48,"HONEY - PRODUCTION, MEASURED IN LB / COLONY",81
1999,UTAH,49,"HONEY - PRODUCTION, MEASURED IN LB / COLONY",45
1999,VERMONT,50,"HONEY - PRODUCTION, MEASURED IN LB / COLONY",66
1999,VIRGINIA,51,"HONEY - PRODUCTION, MEASURED IN LB / COLONY",35
1999,WASHINGTON,53,"HONEY - PRODUCTION, MEASURED IN LB / COLONY",50
1999,WEST VIRGINIA,54,"HONEY - PRODUCTION, MEASURED IN LB / COLONY",39
1999,WISCONSIN,55,"HONEY - PRODUCTION, MEASURED IN LB / COLONY",75
1999,WYOMING,56,"HONEY - PRODUCTION, MEASURED IN LB / COLONY",72
1998,ALABAMA,1,"HONEY - PRODUCTION, MEASURED IN LB / COLONY",71
1998,ARIZONA,4,"HONEY - PRODUCTION, MEASURED IN LB / COLONY",60
1998,ARKANSAS,5,"HONEY - PRODUCTION, MEASURED IN LB / COLONY",65
1998,CALIFORNIA,6,"HONEY - PRODUCTION, MEASURED IN LB / COLONY",83
1998,COLORADO,8,"HONEY - PRODUCTION, MEASURED IN LB / COLONY",72
1998,FLORIDA,12,"HONEY - PRODUCTION, MEASURED IN LB / COLONY",98
1998,GEORGIA,13,"HONEY - PRODUCTION, MEASURED IN LB / COLONY",56
1998,HAWAII,15,"HONEY - PRODUCTION, MEASURED IN LB / COLONY",118
1998,IDAHO,16,"HONEY - PRODUCTION, MEASURED IN LB / COLONY",50
1998,ILLINOIS,17,"HONEY - PRODUCTION, MEASURED IN LB / COLONY",71
1998,INDIANA,18,"HONEY - PRODUCTION, MEASURED IN LB / COLONY",92
1998,IOWA,19,"HONEY - PRODUCTION, MEASURED IN LB / COLONY",78
1998,KANSAS,20,"HONEY - PRODUCTION, MEASURED IN LB / COLONY",46
1998,KENTUCKY,21,"HONEY - PRODUCTION, MEASURED IN LB / COLONY",50
1998,LOUISIANA,22,"HONEY - PRODUCTION, MEASURED IN LB / COLONY",111
1998,MAINE,23,"HONEY - PRODUCTION, MEASURED IN LB / COLONY",26
1998,MARYLAND,24,"HONEY - PRODUCTION, MEASURED IN LB / COLONY",44
1998,MICHIGAN,26,"HONEY - PRODUCTION, MEASURED IN LB / COLONY",85
1998,MINNESOTA,27,"HONEY - PRODUCTION, MEASURED IN LB / COLONY",79
1998,MISSISSIPPI,28,"HONEY - PRODUCTION, MEASURED IN LB / COLONY",86
1998,MISSOURI,29,"HONEY - PRODUCTION, MEASURED IN LB / COLONY",66
1998,MONTANA,30,"HONEY - PRODUCTION, MEASURED IN LB / COLONY",122
1998,NEBRASKA,31,"HONEY - PRODUCTION, MEASURED IN LB / COLONY",70
1998,NEVADA,32,"HONEY - PRODUCTION, MEASURED IN LB / COLONY",46
1998,NEW JERSEY,34,"HONEY - PRODUCTION, MEASURED IN LB / COLONY",49
1998,NEW MEXICO,35,"HONEY - PRODUCTION, MEASURED IN LB / COLONY",55
1998,NEW YORK,36,"HONEY - PRODUCTION, MEASURED IN LB / COLONY",80
1998,NORTH CAROLINA,37,"HONEY - PRODUCTION, MEASURED IN LB / COLONY",59
1998,NORTH DAKOTA,38,"HONEY - PRODUCTION, MEASURED IN LB / COLONY",128
1998,OHIO,39,"HONEY - PRODUCTION, MEASURED IN LB / COLONY",78
1998,OKLAHOMA,40,"HONEY - PRODUCTION, MEASURED IN LB / COLONY",51
1998,OREGON,41,"HONEY - PRODUCTION, MEASURED IN LB / COLONY",45
1998,OTHER STATES,,"HONEY - PRODUCTION, MEASURED IN LB / COLONY",63
1998,PENNSYLVANIA,42,"HONEY - PRODUCTION, MEASURED IN LB / COLONY",66
1998,SOUTH DAKOTA,46,"HONEY - PRODUCTION, MEASURED IN LB / COLONY",95
1998,TENNESSEE,47,"HONEY - PRODUCTION, MEASURED IN LB / COLONY",64
1998,TEXAS,48,"HONEY - PRODUCTION, MEASURED IN LB / COLONY",77
1998,UTAH,49,"HONEY - PRODUCTION, MEASURED IN LB / COLONY",58
1998,VERMONT,50,"HONEY - PRODUCTION, MEASURED IN LB / COLONY",64
1998,VIRGINIA,51,"HONEY - PRODUCTION, MEASURED IN LB / COLONY",37
1998,WASHINGTON,53,"HONEY - PRODUCTION, MEASURED IN LB / COLONY",51
1998,WEST VIRGINIA,54,"HONEY - PRODUCTION, MEASURED IN LB / COLONY",55
1998,WISCONSIN,55,"HONEY - PRODUCTION, MEASURED IN LB / COLONY",91
1998,WYOMING,56,"HONEY - PRODUCTION, MEASURED IN LB / COLONY",60
1997,ALABAMA,1,"HONEY - PRODUCTION, MEASURED IN LB / COLONY",66
1997,ARIZONA,4,"HONEY - PRODUCTION, MEASURED IN LB / COLONY",80
1997,ARKANSAS,5,"HONEY - PRODUCTION, MEASURED IN LB / COLONY",95
1997,CALIFORNIA,6,"HONEY - PRODUCTION, MEASURED IN LB / COLONY",75
1997,COLORADO,8,"HONEY - PRODUCTION, MEASURED IN LB / COLONY",55
1997,FLORIDA,12,"HONEY - PRODUCTION, MEASURED IN LB / COLONY",67
1997,GEORGIA,13,"HONEY - PRODUCTION, MEASURED IN LB / COLONY",46
1997,HAWAII,15,"HONEY - PRODUCTION, MEASURED IN LB / COLONY",146
1997,IDAHO,16,"HONEY - PRODUCTION, MEASURED IN LB / COLONY",64
1997,ILLINOIS,17,"HONEY - PRODUCTION, MEASURED IN LB / COLONY",69
1997,INDIANA,18,"HONEY - PRODUCTION, MEASURED IN LB / COLONY",71
1997,IOWA,19,"HONEY - PRODUCTION, MEASURED IN LB / COLONY",74
1997,KANSAS,20,"HONEY - PRODUCTION, MEASURED IN LB / COLONY",71
1997,KENTUCKY,21,"HONEY - PRODUCTION, MEASURED IN LB / COLONY",60
1997,LOUISIANA,22,"HONEY - PRODUCTION, MEASURED IN LB / COLONY",115
1997,MAINE,23,"HONEY - PRODUCTION, MEASURED IN LB / COLONY",19
1997,MARYLAND,24,"HONEY - PRODUCTION, MEASURED IN LB / COLONY",40
1997,MICHIGAN,26,"HONEY - PRODUCTION, MEASURED IN LB / COLONY",70
1997,MINNESOTA,27,"HONEY - PRODUCTION, MEASURED IN LB / COLONY",73
1997,MISSISSIPPI,28,"HONEY - PRODUCTION, MEASURED IN LB / COLONY",73
1997,MISSOURI,29,"HONEY - PRODUCTION, MEASURED IN LB / COLONY",77
1997,MONTANA,30,"HONEY - PRODUCTION, MEASURED IN LB / COLONY",120
1997,NEBRASKA,31,"HONEY - PRODUCTION, MEASURED IN LB / COLONY",67
1997,NEVADA,32,"HONEY - PRODUCTION, MEASURED IN LB / COLONY",61
1997,NEW JERSEY,34,"HONEY - PRODUCTION, MEASURED IN LB / COLONY",49
1997,NEW MEXICO,35,"HONEY - PRODUCTION, MEASURED IN LB / COLONY",60
1997,NEW YORK,36,"HONEY - PRODUCTION, MEASURED IN LB / COLONY",60
1997,NORTH CAROLINA,37,"HONEY - PRODUCTION, MEASURED IN LB / COLONY",58
1997,NORTH DAKOTA,38,"HONEY - PRODUCTION, MEASURED IN LB / COLONY",100
1997,OHIO,39,"HONEY - PRODUCTION, MEASURED IN LB / COLONY",80
1997,OKLAHOMA,40,"HONEY - PRODUCTION, MEASURED IN LB / COLONY",58
1997,OREGON,41,"HONEY - PRODUCTION, MEASURED IN LB / COLONY",53
1997,OTHER STATES,,"HONEY - PRODUCTION, MEASURED IN LB / COLONY",81
1997,PENNSYLVANIA,42,"HONEY - PRODUCTION, MEASURED IN LB / COLONY",48
1997,SOUTH DAKOTA,46,"HONEY - PRODUCTION, MEASURED IN LB / COLONY",65
1997,TENNESSEE,47,"HONEY - PRODUCTION, MEASURED IN LB / COLONY",62
1997,TEXAS,48,"HONEY - PRODUCTION, MEASURED IN LB / COLONY",106
1997,UTAH,49,"HONEY - PRODUCTION, MEASURED IN LB / COLONY",52
1997,VERMONT,50,"HONEY - PRODUCTION, MEASURED IN LB / COLONY",63
1997,VIRGINIA,51,"HONEY - PRODUCTION, MEASURED IN LB / COLONY",53
1997,WASHINGTON,53,"HONEY - PRODUCTION, MEASURED IN LB / COLONY",52
1997,WEST VIRGINIA,54,"HONEY - PRODUCTION, MEASURED IN LB / COLONY",70
1997,WISCONSIN,55,"HONEY - PRODUCTION, MEASURED IN LB / COLONY",60
1997,WYOMING,56,"HONEY - PRODUCTION, MEASURED IN LB / COLONY",62
1996,ALABAMA,1,"HONEY - PRODUCTION, MEASURED IN LB / COLONY",64
1996,ARIZONA,4,"HONEY - PRODUCTION, MEASURED IN LB / COLONY",60
1996,ARKANSAS,5,"HONEY - PRODUCTION, MEASURED IN LB / COLONY",84
1996,CALIFORNIA,6,"HONEY - PRODUCTION, MEASURED IN LB / COLONY",70
1996,COLORADO,8,"HONEY - PRODUCTION, MEASURED IN LB / COLONY",74
1996,FLORIDA,12,"HONEY - PRODUCTION, MEASURED IN LB / COLONY",105
1996,GEORGIA,13,"HONEY - PRODUCTION, MEASURED IN LB / COLONY",68
1996,HAWAII,15,"HONEY - PRODUCTION, MEASURED IN LB / COLONY",155
1996,IDAHO,16,"HONEY - PRODUCTION, MEASURED IN LB / COLONY",45
1996,ILLINOIS,17,"HONEY - PRODUCTION, MEASURED IN LB / COLONY",74
1996,INDIANA,18,"HONEY - PRODUCTION, MEASURED IN LB / COLONY",75
1996,IOWA,19,"HONEY - PRODUCTION, MEASURED IN LB / COLONY",67
1996,KANSAS,20,"HONEY - PRODUCTION, MEASURED IN LB / COLONY",51
1996,KENTUCKY,21,"HONEY - PRODUCTION, MEASURED IN LB / COLONY",60
1996,LOUISIANA,22,"HONEY - PRODUCTION, MEASURED IN LB / COLONY",106
1996,MAINE,23,"HONEY - PRODUCTION, MEASURED IN LB / COLONY",23
1996,MARYLAND,24,"HONEY - PRODUCTION, MEASURED IN LB / COLONY",32
1996,MICHIGAN,26,"HONEY - PRODUCTION, MEASURED IN LB / COLONY",96
1996,MINNESOTA,27,"HONEY - PRODUCTION, MEASURED IN LB / COLONY",77
1996,MISSISSIPPI,28,"HONEY - PRODUCTION, MEASURED IN LB / COLONY",80
1996,MISSOURI,29,"HONEY - PRODUCTION, MEASURED IN LB / COLONY",74
1996,MONTANA,30,"HONEY - PRODUCTION, MEASURED IN LB / COLONY",60
1996,NEBRASKA,31,"HONEY - PRODUCTION, MEASURED IN LB / COLONY",75
1996,NEVADA,32,"HONEY - PRODUCTION, MEASURED IN LB / COLONY",61
1996,NEW JERSEY,34,"HONEY - PRODUCTION, MEASURED IN LB / COLONY",45
1996,NEW MEXICO,35,"HONEY - PRODUCTION, MEASURED IN LB / COLONY",77
1996,NEW YORK,36,"HONEY - PRODUCTION, MEASURED IN LB / COLONY",80
1996,NORTH CAROLINA,37,"HONEY - PRODUCTION, MEASURED IN LB / COLONY",44
1996,NORTH DAKOTA,38,"HONEY - PRODUCTION, MEASURED IN LB / COLONY",86
1996,OHIO,39,"HONEY - PRODUCTION, MEASURED IN LB / COLONY",70
1996,OKLAHOMA,40,"HONEY - PRODUCTION, MEASURED IN LB / COLONY",59
1996,OREGON,41,"HONEY - PRODUCTION, MEASURED IN LB / COLONY",59
1996,OTHER STATES,,"HONEY - PRODUCTION, MEASURED IN LB / COLONY",31
1996,PENNSYLVANIA,42,"HONEY - PRODUCTION, MEASURED IN LB / COLONY",46
1996,SOUTH CAROLINA,45,"HONEY - PRODUCTION, MEASURED IN LB / COLONY",90
1996,SOUTH DAKOTA,46,"HONEY - PRODUCTION, MEASURED IN LB / COLONY",97
1996,TENNESSEE,47,"HONEY - PRODUCTION, MEASURED IN LB / COLONY",64
1996,TEXAS,48,"HONEY - PRODUCTION, MEASURED IN LB / COLONY",83
1996,UTAH,49,"HONEY - PRODUCTION, MEASURED IN LB / COLONY",46
1996,VERMONT,50,"HONEY - PRODUCTION, MEASURED IN LB / COLONY",83
1996,VIRGINIA,51,"HONEY - PRODUCTION, MEASURED IN LB / COLONY",50
1996,WASHINGTON,53,"HONEY - PRODUCTION, MEASURED IN LB / COLONY",58
1996,WEST VIRGINIA,54,"HONEY - PRODUCTION, MEASURED IN LB / COLONY",59
1996,WISCONSIN,55,"HONEY - PRODUCTION, MEASURED IN LB / COLONY",78
1996,WYOMING,56,"HONEY - PRODUCTION, MEASURED IN LB / COLONY",73
1995,ALABAMA,1,"HONEY - PRODUCTION, MEASURED IN LB / COLONY",58
1995,ARIZONA,4,"HONEY - PRODUCTION, MEASURED IN LB / COLONY",79
1995,ARKANSAS,5,"HONEY - PRODUCTION, MEASURED IN LB / COLONY",60
1995,CALIFORNIA,6,"HONEY - PRODUCTION, MEASURED IN LB / COLONY",93
1995,COLORADO,8,"HONEY - PRODUCTION, MEASURED IN LB / COLONY",60
1995,FLORIDA,12,"HONEY - PRODUCTION, MEASURED IN LB / COLONY",86
1995,GEORGIA,13,"HONEY - PRODUCTION, MEASURED IN LB / COLONY",62
1995,HAWAII,15,"HONEY - PRODUCTION, MEASURED IN LB / COLONY",129
1995,IDAHO,16,"HONEY - PRODUCTION, MEASURED IN LB / COLONY",48
1995,ILLINOIS,17,"HONEY - PRODUCTION, MEASURED IN LB / COLONY",74
1995,INDIANA,18,"HONEY - PRODUCTION, MEASURED IN LB / COLONY",63
1995,IOWA,19,"HONEY - PRODUCTION, MEASURED IN LB / COLONY",68
1995,KANSAS,20,"HONEY - PRODUCTION, MEASURED IN LB / COLONY",67
1995,KENTUCKY,21,"HONEY - PRODUCTION, MEASURED IN LB / COLONY",44
1995,LOUISIANA,22,"HONEY - PRODUCTION, MEASURED IN LB / COLONY",119
1995,MAINE,23,"HONEY - PRODUCTION, MEASURED IN LB / COLONY",45
1995,MARYLAND,24,"HONEY - PRODUCTION, MEASURED IN LB / COLONY",35
1995,MICHIGAN,26,"HONEY - PRODUCTION, MEASURED IN LB / COLONY",92
1995,MINNESOTA,27,"HONEY - PRODUCTION, MEASURED IN LB / COLONY",82
1995,MISSISSIPPI,28,"HONEY - PRODUCTION, MEASURED IN LB / COLONY",70
1995,MISSOURI,29,"HONEY - PRODUCTION, MEASURED IN LB / COLONY",67
1995,MONTANA,30,"HONEY - PRODUCTION, MEASURED IN LB / COLONY",80
1995,NEBRASKA,31,"HONEY - PRODUCTION, MEASURED IN LB / COLONY",73
1995,NEVADA,32,"HONEY - PRODUCTION, MEASURED IN LB / COLONY",29
1995,NEW JERSEY,34,"HONEY - PRODUCTION, MEASURED IN LB / COLONY",34
1995,NEW MEXICO,35,"HONEY - PRODUCTION, MEASURED IN LB / COLONY",65
1995,NEW YORK,36,"HONEY - PRODUCTION, MEASURED IN LB / COLONY",75
1995,NORTH CAROLINA,37,"HONEY - PRODUCTION, MEASURED IN LB / COLONY",52
1995,NORTH DAKOTA,38,"HONEY - PRODUCTION, MEASURED IN LB / COLONY",108
1995,OHIO,39,"HONEY - PRODUCTION, MEASURED IN LB / COLONY",62
1995,OKLAHOMA,40,"HONEY - PRODUCTION, MEASURED IN LB / COLONY",76
1995,OREGON,41,"HONEY - PRODUCTION, MEASURED IN LB / COLONY",52
1995,OTHER STATES,,"HONEY - PRODUCTION, MEASURED IN LB / COLONY",33
1995,PENNSYLVANIA,42,"HONEY - PRODUCTION, MEASURED IN LB / COLONY",43
1995,SOUTH CAROLINA,45,"HONEY - PRODUCTION, MEASURED IN LB / COLONY",90
1995,SOUTH DAKOTA,46,"HONEY - PRODUCTION, MEASURED IN LB / COLONY",85
1995,TENNESSEE,47,"HONEY - PRODUCTION, MEASURED IN LB / COLONY",53
1995,TEXAS,48,"HONEY - PRODUCTION, MEASURED IN LB / COLONY",106
1995,UTAH,49,"HONEY - PRODUCTION, MEASURED IN LB / COLONY",33
1995,VERMONT,50,"HONEY - PRODUCTION, MEASURED IN LB / COLONY",67
1995,VIRGINIA,51,"HONEY - PRODUCTION, MEASURED IN LB / COLONY",45
1995,WASHINGTON,53,"HONEY - PRODUCTION, MEASURED IN LB / COLONY",59
1995,WEST VIRGINIA,54,"HONEY - PRODUCTION, MEASURED IN LB / COLONY",41
1995,WISCONSIN,55,"HONEY - PRODUCTION, MEASURED IN LB / COLONY",79
1995,WYOMING,56,"HONEY - PRODUCTION, MEASURED IN LB / COLONY",36
1994,ALABAMA,1,"HONEY - PRODUCTION, MEASURED IN LB / COLONY",50
1994,ARIZONA,4,"HONEY - PRODUCTION, MEASURED IN LB / COLONY",59
1994,ARKANSAS,5,"HONEY - PRODUCTION, MEASURED IN LB / COLONY",71
1994,CALIFORNIA,6,"HONEY - PRODUCTION, MEASURED IN LB / COLONY",60
1994,COLORADO,8,"HONEY - PRODUCTION, MEASURED IN LB / COLONY",76
1994,FLORIDA,12,"HONEY - PRODUCTION, MEASURED IN LB / COLONY",84
1994,GEORGIA,13,"HONEY - PRODUCTION, MEASURED IN LB / COLONY",63
1994,HAWAII,15,"HONEY - PRODUCTION, MEASURED IN LB / COLONY",100
1994,IDAHO,16,"HONEY - PRODUCTION, MEASURED IN LB / COLONY",59
1994,ILLINOIS,17,"HONEY - PRODUCTION, MEASURED IN LB / COLONY",80
1994,INDIANA,18,"HONEY - PRODUCTION, MEASURED IN LB / COLONY",54
1994,IOWA,19,"HONEY - PRODUCTION, MEASURED IN LB / COLONY",66
1994,KANSAS,20,"HONEY - PRODUCTION, MEASURED IN LB / COLONY",47
1994,KENTUCKY,21,"HONEY - PRODUCTION, MEASURED IN LB / COLONY",54
1994,LOUISIANA,22,"HONEY - PRODUCTION, MEASURED IN LB / COLONY",98
1994,MAINE,23,"HONEY - PRODUCTION, MEASURED IN LB / COLONY",55
1994,MARYLAND,24,"HONEY - PRODUCTION, MEASURED IN LB / COLONY",36
1994,MICHIGAN,26,"HONEY - PRODUCTION, MEASURED IN LB / COLONY",86
1994,MINNESOTA,27,"HONEY - PRODUCTION, MEASURED IN LB / COLONY",79
1994,MISSISSIPPI,28,"HONEY - PRODUCTION, MEASURED IN LB / COLONY",53
1994,MISSOURI,29,"HONEY - PRODUCTION, MEASURED IN LB / COLONY",77
1994,MONTANA,30,"HONEY - PRODUCTION, MEASURED IN LB / COLONY",105
1994,NEBRASKA,31,"HONEY - PRODUCTION, MEASURED IN LB / COLONY",55
1994,NEVADA,32,"HONEY - PRODUCTION, MEASURED IN LB / COLONY",54
1994,NEW JERSEY,34,"HONEY - PRODUCTION, MEASURED IN LB / COLONY",33
1994,NEW MEXICO,35,"HONEY - PRODUCTION, MEASURED IN LB / COLONY",64
1994,NEW YORK,36,"HONEY - PRODUCTION, MEASURED IN LB / COLONY",68
1994,NORTH CAROLINA,37,"HONEY - PRODUCTION, MEASURED IN LB / COLONY",59
1994,NORTH DAKOTA,38,"HONEY - PRODUCTION, MEASURED IN LB / COLONY",138
1994,OHIO,39,"HONEY - PRODUCTION, MEASURED IN LB / COLONY",64
1994,OKLAHOMA,40,"HONEY - PRODUCTION, MEASURED IN LB / COLONY",58
1994,OREGON,41,"HONEY - PRODUCTION, MEASURED IN LB / COLONY",65
1994,OTHER STATES,,"HONEY - PRODUCTION, MEASURED IN LB / COLONY",37
1994,PENNSYLVANIA,42,"HONEY - PRODUCTION, MEASURED IN LB / COLONY",47
1994,SOUTH CAROLINA,45,"HONEY - PRODUCTION, MEASURED IN LB / COLONY",100
1994,SOUTH DAKOTA,46,"HONEY - PRODUCTION, MEASURED IN LB / COLONY",100
1994,TENNESSEE,47,"HONEY - PRODUCTION, MEASURED IN LB / COLONY",51
1994,TEXAS,48,"HONEY - PRODUCTION, MEASURED IN LB / COLONY",74
1994,UTAH,49,"HONEY - PRODUCTION, MEASURED IN LB / COLONY",59
1994,VERMONT,50,"HONEY - PRODUCTION, MEASURED IN LB / COLONY",77
1994,VIRGINIA,51,"HONEY - PRODUCTION, MEASURED IN LB / COLONY",52
1994,WASHINGTON,53,"HONEY - PRODUCTION, MEASURED IN LB / COLONY",62
1994,WEST VIRGINIA,54,"HONEY - PRODUCTION, MEASURED IN LB / COLONY",44
1994,WISCONSIN,55,"HONEY - PRODUCTION, MEASURED IN LB / COLONY",71
1994,WYOMING,56,"HONEY - PRODUCTION, MEASURED IN LB / COLONY",69
1993,ALABAMA,1,"HONEY - PRODUCTION, MEASURED IN LB / COLONY",45
1993,ARIZONA,4,"HONEY - PRODUCTION, MEASURED IN LB / COLONY",77
1993,ARKANSAS,5,"HONEY - PRODUCTION, MEASURED IN LB / COLONY",73
1993,CALIFORNIA,6,"HONEY - PRODUCTION, MEASURED IN LB / COLONY",90
1993,COLORADO,8,"HONEY - PRODUCTION, MEASURED IN LB / COLONY",73
1993,FLORIDA,12,"HONEY - PRODUCTION, MEASURED IN LB / COLONY",113
1993,GEORGIA,13,"HONEY - PRODUCTION, MEASURED IN LB / COLONY",56
1993,HAWAII,15,"HONEY - PRODUCTION, MEASURED IN LB / COLONY",177
1993,IDAHO,16,"HONEY - PRODUCTION, MEASURED IN LB / COLONY",71
1993,ILLINOIS,17,"HONEY - PRODUCTION, MEASURED IN LB / COLONY",48
1993,INDIANA,18,"HONEY - PRODUCTION, MEASURED IN LB / COLONY",66
1993,IOWA,19,"HONEY - PRODUCTION, MEASURED IN LB / COLONY",49
1993,KANSAS,20,"HONEY - PRODUCTION, MEASURED IN LB / COLONY",57
1993,KENTUCKY,21,"HONEY - PRODUCTION, MEASURED IN LB / COLONY",60
1993,LOUISIANA,22,"HONEY - PRODUCTION, MEASURED IN LB / COLONY",86
1993,MAINE,23,"HONEY - PRODUCTION, MEASURED IN LB / COLONY",50
1993,MARYLAND,24,"HONEY - PRODUCTION, MEASURED IN LB / COLONY",27
1993,MICHIGAN,26,"HONEY - PRODUCTION, MEASURED IN LB / COLONY",77
1993,MINNESOTA,27,"HONEY - PRODUCTION, MEASURED IN LB / COLONY",80
1993,MISSISSIPPI,28,"HONEY - PRODUCTION, MEASURED IN LB / COLONY",61
1993,MISSOURI,29,"HONEY - PRODUCTION, MEASURED IN LB / COLONY",73
1993,MONTANA,30,"HONEY - PRODUCTION, MEASURED IN LB / COLONY",98
1993,NEBRASKA,31,"HONEY - PRODUCTION, MEASURED IN LB / COLONY",70
1993,NEVADA,32,"HONEY - PRODUCTION, MEASURED IN LB / COLONY",52
1993,NEW JERSEY,34,"HONEY - PRODUCTION, MEASURED IN LB / COLONY",28
1993,NEW MEXICO,35,"HONEY - PRODUCTION, MEASURED IN LB / COLONY",64
1993,NEW YORK,36,"HONEY - PRODUCTION, MEASURED IN LB / COLONY",62
1993,NORTH CAROLINA,37,"HONEY - PRODUCTION, MEASURED IN LB / COLONY",53
1993,NORTH DAKOTA,38,"HONEY - PRODUCTION, MEASURED IN LB / COLONY",90
1993,OHIO,39,"HONEY - PRODUCTION, MEASURED IN LB / COLONY",66
1993,OKLAHOMA,40,"HONEY - PRODUCTION, MEASURED IN LB / COLONY",67
1993,OREGON,41,"HONEY - PRODUCTION, MEASURED IN LB / COLONY",67
1993,OTHER STATES,,"HONEY - PRODUCTION, MEASURED IN LB / COLONY",40
1993,PENNSYLVANIA,42,"HONEY - PRODUCTION, MEASURED IN LB / COLONY",40
1993,SOUTH CAROLINA,45,"HONEY - PRODUCTION, MEASURED IN LB / COLONY",90
1993,SOUTH DAKOTA,46,"HONEY - PRODUCTION, MEASURED IN LB / COLONY",98
1993,TENNESSEE,47,"HONEY - PRODUCTION, MEASURED IN LB / COLONY",51
1993,TEXAS,48,"HONEY - PRODUCTION, MEASURED IN LB / COLONY",82
1993,UTAH,49,"HONEY - PRODUCTION, MEASURED IN LB / COLONY",53
1993,VERMONT,50,"HONEY - PRODUCTION, MEASURED IN LB / COLONY",82
1993,VIRGINIA,51,"HONEY - PRODUCTION, MEASURED IN LB / COLONY",54
1993,WASHINGTON,53,"HONEY - PRODUCTION, MEASURED IN LB / COLONY",45
1993,WEST VIRGINIA,54,"HONEY - PRODUCTION, MEASURED IN LB / COLONY",37
1993,WISCONSIN,55,"HONEY - PRODUCTION, MEASURED IN LB / COLONY",82
1993,WYOMING,56,"HONEY - PRODUCTION, MEASURED IN LB / COLONY",55
1992,ALABAMA,1,"HONEY - PRODUCTION, MEASURED IN LB / COLONY",41
1992,ARIZONA,4,"HONEY - PRODUCTION, MEASURED IN LB / COLONY",54
1992,ARKANSAS,5,"HONEY - PRODUCTION, MEASURED IN LB / COLONY",65
1992,CALIFORNIA,6,"HONEY - PRODUCTION, MEASURED IN LB / COLONY",67
1992,COLORADO,8,"HONEY - PRODUCTION, MEASURED IN LB / COLONY",74
1992,FLORIDA,12,"HONEY - PRODUCTION, MEASURED IN LB / COLONY",104
1992,GEORGIA,13,"HONEY - PRODUCTION, MEASURED IN LB / COLONY",55
1992,HAWAII,15,"HONEY - PRODUCTION, MEASURED IN LB / COLONY",138
1992,IDAHO,16,"HONEY - PRODUCTION, MEASURED IN LB / COLONY",51
1992,ILLINOIS,17,"HONEY - PRODUCTION, MEASURED IN LB / COLONY",53
1992,INDIANA,18,"HONEY - PRODUCTION, MEASURED IN LB / COLONY",31
1992,IOWA,19,"HONEY - PRODUCTION, MEASURED IN LB / COLONY",62
1992,KANSAS,20,"HONEY - PRODUCTION, MEASURED IN LB / COLONY",58
1992,KENTUCKY,21,"HONEY - PRODUCTION, MEASURED IN LB / COLONY",30
1992,LOUISIANA,22,"HONEY - PRODUCTION, MEASURED IN LB / COLONY",107
1992,MAINE,23,"HONEY - PRODUCTION, MEASURED IN LB / COLONY",22
1992,MARYLAND,24,"HONEY - PRODUCTION, MEASURED IN LB / COLONY",23
1992,MICHIGAN,26,"HONEY - PRODUCTION, MEASURED IN LB / COLONY",68
1992,MINNESOTA,27,"HONEY - PRODUCTION, MEASURED IN LB / COLONY",90
1992,MISSISSIPPI,28,"HONEY - PRODUCTION, MEASURED IN LB / COLONY",65
1992,MISSOURI,29,"HONEY - PRODUCTION, MEASURED IN LB / COLONY",73
1992,MONTANA,30,"HONEY - PRODUCTION, MEASURED IN LB / COLONY",110
1992,NEBRASKA,31,"HONEY - PRODUCTION, MEASURED IN LB / COLONY",75
1992,NEVADA,32,"HONEY - PRODUCTION, MEASURED IN LB / COLONY",65
1992,NEW JERSEY,34,"HONEY - PRODUCTION, MEASURED IN LB / COLONY",22
1992,NEW MEXICO,35,"HONEY - PRODUCTION, MEASURED IN LB / COLONY",68
1992,NEW YORK,36,"HONEY - PRODUCTION, MEASURED IN LB / COLONY",66
1992,NORTH CAROLINA,37,"HONEY - PRODUCTION, MEASURED IN LB / COLONY",45
1992,NORTH DAKOTA,38,"HONEY - PRODUCTION, MEASURED IN LB / COLONY",91
1992,OHIO,39,"HONEY - PRODUCTION, MEASURED IN LB / COLONY",33
1992,OKLAHOMA,40,"HONEY - PRODUCTION, MEASURED IN LB / COLONY",52
1992,OREGON,41,"HONEY - PRODUCTION, MEASURED IN LB / COLONY",49
1992,OTHER STATES,,"HONEY - PRODUCTION, MEASURED IN LB / COLONY",26
1992,PENNSYLVANIA,42,"HONEY - PRODUCTION, MEASURED IN LB / COLONY",41
1992,SOUTH CAROLINA,45,"HONEY - PRODUCTION, MEASURED IN LB / COLONY",69
1992,SOUTH DAKOTA,46,"HONEY - PRODUCTION, MEASURED IN LB / COLONY",85
1992,TENNESSEE,47,"HONEY - PRODUCTION, MEASURED IN LB / COLONY",43
1992,TEXAS,48,"HONEY - PRODUCTION, MEASURED IN LB / COLONY",85
1992,UTAH,49,"HONEY - PRODUCTION, MEASURED IN LB / COLONY",56
1992,VERMONT,50,"HONEY - PRODUCTION, MEASURED IN LB / COLONY",63
1992,VIRGINIA,51,"HONEY - PRODUCTION, MEASURED IN LB / COLONY",38
1992,WASHINGTON,53,"HONEY - PRODUCTION, MEASURED IN LB / COLONY",44
1992,WEST VIRGINIA,54,"HONEY - PRODUCTION, MEASURED IN LB / COLONY",55
1992,WISCONSIN,55,"HONEY - PRODUCTION, MEASURED IN LB / COLONY",66
1992,WYOMING,56,"HONEY - PRODUCTION, MEASURED IN LB / COLONY",70
1991,ALABAMA,1,"HONEY - PRODUCTION, MEASURED IN LB / COLONY",24
1991,ARIZONA,4,"HONEY - PRODUCTION, MEASURED IN LB / COLONY",50
1991,ARKANSAS,5,"HONEY - PRODUCTION, MEASURED IN LB / COLONY",79
1991,CALIFORNIA,6,"HONEY - PRODUCTION, MEASURED IN LB / COLONY",63
1991,COLORADO,8,"HONEY - PRODUCTION, MEASURED IN LB / COLONY",79
1991,FLORIDA,12,"HONEY - PRODUCTION, MEASURED IN LB / COLONY",83
1991,GEORGIA,13,"HONEY - PRODUCTION, MEASURED IN LB / COLONY",42
1991,HAWAII,15,"HONEY - PRODUCTION, MEASURED IN LB / COLONY",131
1991,IDAHO,16,"HONEY - PRODUCTION, MEASURED IN LB / COLONY",46
1991,ILLINOIS,17,"HONEY - PRODUCTION, MEASURED IN LB / COLONY",52
1991,INDIANA,18,"HONEY - PRODUCTION, MEASURED IN LB / COLONY",50
1991,IOWA,19,"HONEY - PRODUCTION, MEASURED IN LB / COLONY",59
1991,KANSAS,20,"HONEY - PRODUCTION, MEASURED IN LB / COLONY",52
1991,KENTUCKY,21,"HONEY - PRODUCTION, MEASURED IN LB / COLONY",25
1991,LOUISIANA,22,"HONEY - PRODUCTION, MEASURED IN LB / COLONY",70
1991,MAINE,23,"HONEY - PRODUCTION, MEASURED IN LB / COLONY",42
1991,MARYLAND,24,"HONEY - PRODUCTION, MEASURED IN LB / COLONY",25
1991,MICHIGAN,26,"HONEY - PRODUCTION, MEASURED IN LB / COLONY",73
1991,MINNESOTA,27,"HONEY - PRODUCTION, MEASURED IN LB / COLONY",91
1991,MISSISSIPPI,28,"HONEY - PRODUCTION, MEASURED IN LB / COLONY",36
1991,MISSOURI,29,"HONEY - PRODUCTION, MEASURED IN LB / COLONY",65
1991,MONTANA,30,"HONEY - PRODUCTION, MEASURED IN LB / COLONY",92
1991,NEBRASKA,31,"HONEY - PRODUCTION, MEASURED IN LB / COLONY",67
1991,NEVADA,32,"HONEY - PRODUCTION, MEASURED IN LB / COLONY",54
1991,NEW JERSEY,34,"HONEY - PRODUCTION, MEASURED IN LB / COLONY",31
1991,NEW MEXICO,35,"HONEY - PRODUCTION, MEASURED IN LB / COLONY",77
1991,NEW YORK,36,"HONEY - PRODUCTION, MEASURED IN LB / COLONY",62
1991,NORTH CAROLINA,37,"HONEY - PRODUCTION, MEASURED IN LB / COLONY",58
1991,NORTH DAKOTA,38,"HONEY - PRODUCTION, MEASURED IN LB / COLONY",103
1991,OHIO,39,"HONEY - PRODUCTION, MEASURED IN LB / COLONY",61
1991,OKLAHOMA,40,"HONEY - PRODUCTION, MEASURED IN LB / COLONY",70
1991,OREGON,41,"HONEY - PRODUCTION, MEASURED IN LB / COLONY",46
1991,OTHER STATES,,"HONEY - PRODUCTION, MEASURED IN LB / COLONY",21
1991,PENNSYLVANIA,42,"HONEY - PRODUCTION, MEASURED IN LB / COLONY",45
1991,SOUTH CAROLINA,45,"HONEY - PRODUCTION, MEASURED IN LB / COLONY",61
1991,SOUTH DAKOTA,46,"HONEY - PRODUCTION, MEASURED IN LB / COLONY",101
1991,TENNESSEE,47,"HONEY - PRODUCTION, MEASURED IN LB / COLONY",38
1991,TEXAS,48,"HONEY - PRODUCTION, MEASURED IN LB / COLONY",78
1991,UTAH,49,"HONEY - PRODUCTION, MEASURED IN LB / COLONY",34
1991,VERMONT,50,"HONEY - PRODUCTION, MEASURED IN LB / COLONY",75
1991,VIRGINIA,51,"HONEY - PRODUCTION, MEASURED IN LB / COLONY",33
1991,WASHINGTON,53,"HONEY - PRODUCTION, MEASURED IN LB / COLONY",42
1991,WEST VIRGINIA,54,"HONEY - PRODUCTION, MEASURED IN LB / COLONY",24
1991,WISCONSIN,55,"HONEY - PRODUCTION, MEASURED IN LB / COLONY",67
1991,WYOMING,56,"HONEY - PRODUCTION, MEASURED IN LB / COLONY",52
1990,ALABAMA,1,"HONEY - PRODUCTION, MEASURED IN LB / COLONY",38
1990,ARIZONA,4,"HONEY - PRODUCTION, MEASURED IN LB / COLONY",48
1990,ARKANSAS,5,"HONEY - PRODUCTION, MEASURED IN LB / COLONY",84
1990,CALIFORNIA,6,"HONEY - PRODUCTION, MEASURED IN LB / COLONY",42
1990,COLORADO,8,"HONEY - PRODUCTION, MEASURED IN LB / COLONY",64
1990,CONNECTICUT,9,"HONEY - PRODUCTION, MEASURED IN LB / COLONY",52
1990,DELAWARE,10,"HONEY - PRODUCTION, MEASURED IN LB / COLONY",11
1990,FLORIDA,12,"HONEY - PRODUCTION, MEASURED IN LB / COLONY",95
1990,GEORGIA,13,"HONEY - PRODUCTION, MEASURED IN LB / COLONY",50
1990,HAWAII,15,"HONEY - PRODUCTION, MEASURED IN LB / COLONY",157
1990,IDAHO,16,"HONEY - PRODUCTION, MEASURED IN LB / COLONY",40
1990,ILLINOIS,17,"HONEY - PRODUCTION, MEASURED IN LB / COLONY",40
1990,INDIANA,18,"HONEY - PRODUCTION, MEASURED IN LB / COLONY",47
1990,IOWA,19,"HONEY - PRODUCTION, MEASURED IN LB / COLONY",54
1990,KANSAS,20,"HONEY - PRODUCTION, MEASURED IN LB / COLONY",67
1990,KENTUCKY,21,"HONEY - PRODUCTION, MEASURED IN LB / COLONY",44
1990,LOUISIANA,22,"HONEY - PRODUCTION, MEASURED IN LB / COLONY",89
1990,MAINE,23,"HONEY - PRODUCTION, MEASURED IN LB / COLONY",24
1990,MARYLAND,24,"HONEY - PRODUCTION, MEASURED IN LB / COLONY",19
1990,MASSACHUSETTS,25,"HONEY - PRODUCTION, MEASURED IN LB / COLONY",13
1990,MICHIGAN,26,"HONEY - PRODUCTION, MEASURED IN LB / COLONY",80
1990,MINNESOTA,27,"HONEY - PRODUCTION, MEASURED IN LB / COLONY",74
1990,MISSISSIPPI,28,"HONEY - PRODUCTION, MEASURED IN LB / COLONY",62
1990,MISSOURI,29,"HONEY - PRODUCTION, MEASURED IN LB / COLONY",63
1990,MONTANA,30,"HONEY - PRODUCTION, MEASURED IN LB / COLONY",81
1990,NEBRASKA,31,"HONEY - PRODUCTION, MEASURED IN LB / COLONY",56
1990,NEVADA,32,"HONEY - PRODUCTION, MEASURED IN LB / COLONY",58
1990,NEW HAMPSHIRE,33,"HONEY - PRODUCTION, MEASURED IN LB / COLONY",54
1990,NEW JERSEY,34,"HONEY - PRODUCTION, MEASURED IN LB / COLONY",21
1990,NEW MEXICO,35,"HONEY - PRODUCTION, MEASURED IN LB / COLONY",71
1990,NEW YORK,36,"HONEY - PRODUCTION, MEASURED IN LB / COLONY",54
1990,NORTH CAROLINA,37,"HONEY - PRODUCTION, MEASURED IN LB / COLONY",50
1990,NORTH DAKOTA,38,"HONEY - PRODUCTION, MEASURED IN LB / COLONY",82
1990,OHIO,39,"HONEY - PRODUCTION, MEASURED IN LB / COLONY",51
1990,OKLAHOMA,40,"HONEY - PRODUCTION, MEASURED IN LB / COLONY",50
1990,OREGON,41,"HONEY - PRODUCTION, MEASURED IN LB / COLONY",42
1990,PENNSYLVANIA,42,"HONEY - PRODUCTION, MEASURED IN LB / COLONY",28
1990,RHODE ISLAND,44,"HONEY - PRODUCTION, MEASURED IN LB / COLONY",31
1990,SOUTH CAROLINA,45,"HONEY - PRODUCTION, MEASURED IN LB / COLONY",41
1990,SOUTH DAKOTA,46,"HONEY - PRODUCTION, MEASURED IN LB / COLONY",81
1990,TENNESSEE,47,"HONEY - PRODUCTION, MEASURED IN LB / COLONY",33
1990,TEXAS,48,"HONEY - PRODUCTION, MEASURED IN LB / COLONY",67
1990,UTAH,49,"HONEY - PRODUCTION, MEASURED IN LB / COLONY",37
1990,VERMONT,50,"HONEY - PRODUCTION, MEASURED IN LB / COLONY",65
1990,VIRGINIA,51,"HONEY - PRODUCTION, MEASURED IN LB / COLONY",34
1990,WASHINGTON,53,"HONEY - PRODUCTION, MEASURED IN LB / COLONY",55
1990,WEST VIRGINIA,54,"HONEY - PRODUCTION, MEASURED IN LB / COLONY",30
1990,WISCONSIN,55,"HONEY - PRODUCTION, MEASURED IN LB / COLONY",75
1990,WYOMING,56,"HONEY - PRODUCTION, MEASURED IN LB / COLONY",57
1989,ALABAMA,1,"HONEY - PRODUCTION, MEASURED IN LB / COLONY",20
1989,ARIZONA,4,"HONEY - PRODUCTION, MEASURED IN LB / COLONY",45
1989,ARKANSAS,5,"HONEY - PRODUCTION, MEASURED IN LB / COLONY",61
1989,CALIFORNIA,6,"HONEY - PRODUCTION, MEASURED IN LB / COLONY",34
1989,COLORADO,8,"HONEY - PRODUCTION, MEASURED IN LB / COLONY",66
1989,CONNECTICUT,9,"HONEY - PRODUCTION, MEASURED IN LB / COLONY",40
1989,DELAWARE,10,"HONEY - PRODUCTION, MEASURED IN LB / COLONY",10
1989,FLORIDA,12,"HONEY - PRODUCTION, MEASURED IN LB / COLONY",60
1989,GEORGIA,13,"HONEY - PRODUCTION, MEASURED IN LB / COLONY",27
1989,HAWAII,15,"HONEY - PRODUCTION, MEASURED IN LB / COLONY",135
1989,IDAHO,16,"HONEY - PRODUCTION, MEASURED IN LB / COLONY",54
1989,ILLINOIS,17,"HONEY - PRODUCTION, MEASURED IN LB / COLONY",38
1989,INDIANA,18,"HONEY - PRODUCTION, MEASURED IN LB / COLONY",35
1989,IOWA,19,"HONEY - PRODUCTION, MEASURED IN LB / COLONY",90
1989,KANSAS,20,"HONEY - PRODUCTION, MEASURED IN LB / COLONY",46
1989,KENTUCKY,21,"HONEY - PRODUCTION, MEASURED IN LB / COLONY",29
1989,LOUISIANA,22,"HONEY - PRODUCTION, MEASURED IN LB / COLONY",85
1989,MAINE,23,"HONEY - PRODUCTION, MEASURED IN LB / COLONY",24
1989,MARYLAND,24,"HONEY - PRODUCTION, MEASURED IN LB / COLONY",16
1989,MASSACHUSETTS,25,"HONEY - PRODUCTION, MEASURED IN LB / COLONY",23
1989,MICHIGAN,26,"HONEY - PRODUCTION, MEASURED IN LB / COLONY",70
1989,MINNESOTA,27,"HONEY - PRODUCTION, MEASURED IN LB / COLONY",92
1989,MISSISSIPPI,28,"HONEY - PRODUCTION, MEASURED IN LB / COLONY",33
1989,MISSOURI,29,"HONEY - PRODUCTION, MEASURED IN LB / COLONY",62
1989,MONTANA,30,"HONEY - PRODUCTION, MEASURED IN LB / COLONY",63
1989,NEBRASKA,31,"HONEY - PRODUCTION, MEASURED IN LB / COLONY",62
1989,NEVADA,32,"HONEY - PRODUCTION, MEASURED IN LB / COLONY",54
1989,NEW HAMPSHIRE,33,"HONEY - PRODUCTION, MEASURED IN LB / COLONY",35
1989,NEW JERSEY,34,"HONEY - PRODUCTION, MEASURED IN LB / COLONY",23
1989,NEW MEXICO,35,"HONEY - PRODUCTION, MEASURED IN LB / COLONY",50
1989,NEW YORK,36,"HONEY - PRODUCTION, MEASURED IN LB / COLONY",59
1989,NORTH CAROLINA,37,"HONEY - PRODUCTION, MEASURED IN LB / COLONY",38
1989,NORTH DAKOTA,38,"HONEY - PRODUCTION, MEASURED IN LB / COLONY",56
1989,OHIO,39,"HONEY - PRODUCTION, MEASURED IN LB / COLONY",20
1989,OKLAHOMA,40,"HONEY - PRODUCTION, MEASURED IN LB / COLONY",65
1989,OREGON,41,"HONEY - PRODUCTION, MEASURED IN LB / COLONY",39
1989,PENNSYLVANIA,42,"HONEY - PRODUCTION, MEASURED IN LB / COLONY",39
1989,RHODE ISLAND,44,"HONEY - PRODUCTION, MEASURED IN LB / COLONY",39
1989,SOUTH CAROLINA,45,"HONEY - PRODUCTION, MEASURED IN LB / COLONY",19
1989,SOUTH DAKOTA,46,"HONEY - PRODUCTION, MEASURED IN LB / COLONY",49
1989,TENNESSEE,47,"HONEY - PRODUCTION, MEASURED IN LB / COLONY",25
1989,TEXAS,48,"HONEY - PRODUCTION, MEASURED IN LB / COLONY",56
1989,UTAH,49,"HONEY - PRODUCTION, MEASURED IN LB / COLONY",44
1989,VERMONT,50,"HONEY - PRODUCTION, MEASURED IN LB / COLONY",61
1989,VIRGINIA,51,"HONEY - PRODUCTION, MEASURED IN LB / COLONY",20
1989,WASHINGTON,53,"HONEY - PRODUCTION, MEASURED IN LB / COLONY",46
1989,WEST VIRGINIA,54,"HONEY - PRODUCTION, MEASURED IN LB / COLONY",44
1989,WISCONSIN,55,"HONEY - PRODUCTION, MEASURED IN LB / COLONY",74
1989,WYOMING,56,"HONEY - PRODUCTION, MEASURED IN LB / COLONY",47
1988,ALABAMA,1,"HONEY - PRODUCTION, MEASURED IN LB / COLONY",42
1988,ARIZONA,4,"HONEY - PRODUCTION, MEASURED IN LB / COLONY",49
1988,ARKANSAS,5,"HONEY - PRODUCTION, MEASURED IN LB / COLONY",67
1988,CALIFORNIA,6,"HONEY - PRODUCTION, MEASURED IN LB / COLONY",40
1988,COLORADO,8,"HONEY - PRODUCTION, MEASURED IN LB / COLONY",83
1988,CONNECTICUT,9,"HONEY - PRODUCTION, MEASURED IN LB / COLONY",46
1988,DELAWARE,10,"HONEY - PRODUCTION, MEASURED IN LB / COLONY",26
1988,FLORIDA,12,"HONEY - PRODUCTION, MEASURED IN LB / COLONY",105
1988,GEORGIA,13,"HONEY - PRODUCTION, MEASURED IN LB / COLONY",41
1988,HAWAII,15,"HONEY - PRODUCTION, MEASURED IN LB / COLONY",179
1988,IDAHO,16,"HONEY - PRODUCTION, MEASURED IN LB / COLONY",53
1988,ILLINOIS,17,"HONEY - PRODUCTION, MEASURED IN LB / COLONY",69
1988,INDIANA,18,"HONEY - PRODUCTION, MEASURED IN LB / COLONY",65
1988,IOWA,19,"HONEY - PRODUCTION, MEASURED IN LB / COLONY",129
1988,KANSAS,20,"HONEY - PRODUCTION, MEASURED IN LB / COLONY",69
1988,KENTUCKY,21,"HONEY - PRODUCTION, MEASURED IN LB / COLONY",40
1988,LOUISIANA,22,"HONEY - PRODUCTION, MEASURED IN LB / COLONY",90
1988,MAINE,23,"HONEY - PRODUCTION, MEASURED IN LB / COLONY",26
1988,MARYLAND,24,"HONEY - PRODUCTION, MEASURED IN LB / COLONY",25
1988,MASSACHUSETTS,25,"HONEY - PRODUCTION, MEASURED IN LB / COLONY",18
1988,MICHIGAN,26,"HONEY - PRODUCTION, MEASURED IN LB / COLONY",73
1988,MINNESOTA,27,"HONEY - PRODUCTION, MEASURED IN LB / COLONY",129
1988,MISSISSIPPI,28,"HONEY - PRODUCTION, MEASURED IN LB / COLONY",66
1988,MISSOURI,29,"HONEY - PRODUCTION, MEASURED IN LB / COLONY",80
1988,MONTANA,30,"HONEY - PRODUCTION, MEASURED IN LB / COLONY",48
1988,NEBRASKA,31,"HONEY - PRODUCTION, MEASURED IN LB / COLONY",96
1988,NEVADA,32,"HONEY - PRODUCTION, MEASURED IN LB / COLONY",30
1988,NEW HAMPSHIRE,33,"HONEY - PRODUCTION, MEASURED IN LB / COLONY",34
1988,NEW JERSEY,34,"HONEY - PRODUCTION, MEASURED IN LB / COLONY",31
1988,NEW MEXICO,35,"HONEY - PRODUCTION, MEASURED IN LB / COLONY",57
1988,NEW YORK,36,"HONEY - PRODUCTION, MEASURED IN LB / COLONY",59
1988,NORTH CAROLINA,37,"HONEY - PRODUCTION, MEASURED IN LB / COLONY",46
1988,NORTH DAKOTA,38,"HONEY - PRODUCTION, MEASURED IN LB / COLONY",66
1988,OHIO,39,"HONEY - PRODUCTION, MEASURED IN LB / COLONY",48
1988,OKLAHOMA,40,"HONEY - PRODUCTION, MEASURED IN LB / COLONY",55
1988,OREGON,41,"HONEY - PRODUCTION, MEASURED IN LB / COLONY",52
1988,PENNSYLVANIA,42,"HONEY - PRODUCTION, MEASURED IN LB / COLONY",46
1988,RHODE ISLAND,44,"HONEY - PRODUCTION, MEASURED IN LB / COLONY",39
1988,SOUTH CAROLINA,45,"HONEY - PRODUCTION, MEASURED IN LB / COLONY",40
1988,SOUTH DAKOTA,46,"HONEY - PRODUCTION, MEASURED IN LB / COLONY",74
1988,TENNESSEE,47,"HONEY - PRODUCTION, MEASURED IN LB / COLONY",40
1988,TEXAS,48,"HONEY - PRODUCTION, MEASURED IN LB / COLONY",76
1988,UTAH,49,"HONEY - PRODUCTION, MEASURED IN LB / COLONY",41
1988,VERMONT,50,"HONEY - PRODUCTION, MEASURED IN LB / COLONY",51
1988,VIRGINIA,51,"HONEY - PRODUCTION, MEASURED IN LB / COLONY",56
1988,WASHINGTON,53,"HONEY - PRODUCTION, MEASURED IN LB / COLONY",47
1988,WEST VIRGINIA,54,"HONEY - PRODUCTION, MEASURED IN LB / COLONY",35
1988,WISCONSIN,55,"HONEY - PRODUCTION, MEASURED IN LB / COLONY",99
1988,WYOMING,56,"HONEY - PRODUCTION, MEASURED IN LB / COLONY",71
1987,ALABAMA,1,"HONEY - PRODUCTION, MEASURED IN LB / COLONY",35
1987,ARIZONA,4,"HONEY - PRODUCTION, MEASURED IN LB / COLONY",47
1987,ARKANSAS,5,"HONEY - PRODUCTION, MEASURED IN LB / COLONY",69
1987,CALIFORNIA,6,"HONEY - PRODUCTION, MEASURED IN LB / COLONY",33
1987,COLORADO,8,"HONEY - PRODUCTION, MEASURED IN LB / COLONY",73
1987,CONNECTICUT,9,"HONEY - PRODUCTION, MEASURED IN LB / COLONY",34
1987,DELAWARE,10,"HONEY - PRODUCTION, MEASURED IN LB / COLONY",29
1987,FLORIDA,12,"HONEY - PRODUCTION, MEASURED IN LB / COLONY",79
1987,GEORGIA,13,"HONEY - PRODUCTION, MEASURED IN LB / COLONY",38
1987,HAWAII,15,"HONEY - PRODUCTION, MEASURED IN LB / COLONY",190
1987,IDAHO,16,"HONEY - PRODUCTION, MEASURED IN LB / COLONY",60
1987,ILLINOIS,17,"HONEY - PRODUCTION, MEASURED IN LB / COLONY",75
1987,INDIANA,18,"HONEY - PRODUCTION, MEASURED IN LB / COLONY",58
1987,IOWA,19,"HONEY - PRODUCTION, MEASURED IN LB / COLONY",103
1987,KANSAS,20,"HONEY - PRODUCTION, MEASURED IN LB / COLONY",51
1987,KENTUCKY,21,"HONEY - PRODUCTION, MEASURED IN LB / COLONY",25
1987,LOUISIANA,22,"HONEY - PRODUCTION, MEASURED IN LB / COLONY",75
1987,MAINE,23,"HONEY - PRODUCTION, MEASURED IN LB / COLONY",46
1987,MARYLAND,24,"HONEY - PRODUCTION, MEASURED IN LB / COLONY",35
1987,MASSACHUSETTS,25,"HONEY - PRODUCTION, MEASURED IN LB / COLONY",15
1987,MICHIGAN,26,"HONEY - PRODUCTION, MEASURED IN LB / COLONY",68
1987,MINNESOTA,27,"HONEY - PRODUCTION, MEASURED IN LB / COLONY",108
1987,MISSISSIPPI,28,"HONEY - PRODUCTION, MEASURED IN LB / COLONY",60
1987,MISSOURI,29,"HONEY - PRODUCTION, MEASURED IN LB / COLONY",65
1987,MONTANA,30,"HONEY - PRODUCTION, MEASURED IN LB / COLONY",102
1987,NEBRASKA,31,"HONEY - PRODUCTION, MEASURED IN LB / COLONY",90
1987,NEVADA,32,"HONEY - PRODUCTION, MEASURED IN LB / COLONY",30
1987,NEW HAMPSHIRE,33,"HONEY - PRODUCTION, MEASURED IN LB / COLONY",32
1987,NEW JERSEY,34,"HONEY - PRODUCTION, MEASURED IN LB / COLONY",34
1987,NEW MEXICO,35,"HONEY - PRODUCTION, MEASURED IN LB / COLONY",50
1987,NEW YORK,36,"HONEY - PRODUCTION, MEASURED IN LB / COLONY",44
1987,NORTH CAROLINA,37,"HONEY - PRODUCTION, MEASURED IN LB / COLONY",48
1987,NORTH DAKOTA,38,"HONEY - PRODUCTION, MEASURED IN LB / COLONY",110
1987,OHIO,39,"HONEY - PRODUCTION, MEASURED IN LB / COLONY",50
1987,OKLAHOMA,40,"HONEY - PRODUCTION, MEASURED IN LB / COLONY",70
1987,OREGON,41,"HONEY - PRODUCTION, MEASURED IN LB / COLONY",42
1987,PENNSYLVANIA,42,"HONEY - PRODUCTION, MEASURED IN LB / COLONY",39
1987,RHODE ISLAND,44,"HONEY - PRODUCTION, MEASURED IN LB / COLONY",32
1987,SOUTH CAROLINA,45,"HONEY - PRODUCTION, MEASURED IN LB / COLONY",34
1987,SOUTH DAKOTA,46,"HONEY - PRODUCTION, MEASURED IN LB / COLONY",134
1987,TENNESSEE,47,"HONEY - PRODUCTION, MEASURED IN LB / COLONY",55
1987,TEXAS,48,"HONEY - PRODUCTION, MEASURED IN LB / COLONY",74
1987,UTAH,49,"HONEY - PRODUCTION, MEASURED IN LB / COLONY",48
1987,VERMONT,50,"HONEY - PRODUCTION, MEASURED IN LB / COLONY",46
1987,VIRGINIA,51,"HONEY - PRODUCTION, MEASURED IN LB / COLONY",48
1987,WASHINGTON,53,"HONEY - PRODUCTION, MEASURED IN LB / COLONY",55
1987,WEST VIRGINIA,54,"HONEY - PRODUCTION, MEASURED IN LB / COLONY",41
1987,WISCONSIN,55,"HONEY - PRODUCTION, MEASURED IN LB / COLONY",97
1987,WYOMING,56,"HONEY - PRODUCTION, MEASURED IN LB / COLONY",74
